PRODUCT, DATE, PRICE
OLIGHT Javelot pro 2 Upgraded 2500 Lumens Tactical Flashlight with Replaceable Built-in Battery Pack Magnetic Rechargeable Dual Switch LED Flashlights for Hunting & Searching (Black), 2022/03/11, 209.95
OLIGHT Javelot pro 2 Upgraded 2500 Lumens Tactical Flashlight with Replaceable Built-in Battery Pack Magnetic Rechargeable Dual Switch LED Flashlights for Hunting & Searching (Black), 2022/03/11, 157.46
OLIGHT Javelot pro 2 Upgraded 2500 Lumens Tactical Flashlight with Replaceable Built-in Battery Pack Magnetic Rechargeable Dual Switch LED Flashlights for Hunting & Searching (Black), 2022/03/11, 209.95
GearLight LED Flashlight Pack -2 Bright Zoomable Tactical Flashlights with High Lumens and 5 Modes for Emergency and Outdoor Use -Camping Accessories -S1000, 2022/03/11, 13.99
GearLight LED Flashlight Pack -2 Bright Zoomable Tactical Flashlights with High Lumens and 5 Modes for Emergency and Outdoor Use -Camping Accessories -S1000, 2022/03/11, 14.99
GearLight LED Flashlight Pack -2 Bright Zoomable Tactical Flashlights with High Lumens and 5 Modes for Emergency and Outdoor Use -Camping Accessories -S1000, 2022/03/11, 15.99
GearLight LED Flashlight Pack -2 Bright Zoomable Tactical Flashlights with High Lumens and 5 Modes for Emergency and Outdoor Use -Camping Accessories -S1000, 2022/03/11, 16.99
GearLight LED Flashlight Pack -2 Bright Zoomable Tactical Flashlights with High Lumens and 5 Modes for Emergency and Outdoor Use -Camping Accessories -S1000, 2022/03/11, 17.99
GearLight LED Flashlight Pack -2 Bright Zoomable Tactical Flashlights with High Lumens and 5 Modes for Emergency and Outdoor Use -Camping Accessories -S1000, 2022/03/11, 16.99
GearLight LED Flashlight Pack -2 Bright Zoomable Tactical Flashlights with High Lumens and 5 Modes for Emergency and Outdoor Use -Camping Accessories -S1000, 2022/03/11, 17.99
GearLight LED Flashlight Pack -2 Bright Zoomable Tactical Flashlights with High Lumens and 5 Modes for Emergency and Outdoor Use -Camping Accessories -S1000, 2022/03/11, 16.99
GearLight LED Flashlight Pack -2 Bright Zoomable Tactical Flashlights with High Lumens and 5 Modes for Emergency and Outdoor Use -Camping Accessories -S1000, 2022/03/11, 17.99
GearLight LED Flashlight Pack -2 Bright Zoomable Tactical Flashlights with High Lumens and 5 Modes for Emergency and Outdoor Use -Camping Accessories -S1000, 2022/03/11, 16.99
GearLight LED Flashlight Pack -2 Bright Zoomable Tactical Flashlights with High Lumens and 5 Modes for Emergency and Outdoor Use -Camping Accessories -S1000, 2022/03/11, 15.99
GearLight LED Flashlight Pack -2 Bright Zoomable Tactical Flashlights with High Lumens and 5 Modes for Emergency and Outdoor Use -Camping Accessories -S1000, 2022/03/11, 14.99
GearLight LED Flashlight Pack -2 Bright Zoomable Tactical Flashlights with High Lumens and 5 Modes for Emergency and Outdoor Use -Camping Accessories -S1000, 2022/03/11, 15.99
GearLight LED Flashlight Pack -2 Bright Zoomable Tactical Flashlights with High Lumens and 5 Modes for Emergency and Outdoor Use -Camping Accessories -S1000, 2022/03/11, 14.99
GearLight LED Flashlight Pack -2 Bright Zoomable Tactical Flashlights with High Lumens and 5 Modes for Emergency and Outdoor Use -Camping Accessories -S1000, 2022/03/11, 15.99
GearLight LED Flashlight Pack -2 Bright Zoomable Tactical Flashlights with High Lumens and 5 Modes for Emergency and Outdoor Use -Camping Accessories -S1000, 2022/03/11, 16.99
GearLight LED Flashlight Pack -2 Bright Zoomable Tactical Flashlights with High Lumens and 5 Modes for Emergency and Outdoor Use -Camping Accessories -S1000, 2022/03/11, 17.99
GearLight LED Flashlight Pack -2 Bright Zoomable Tactical Flashlights with High Lumens and 5 Modes for Emergency and Outdoor Use -Camping Accessories -S1000, 2022/03/11, 18.99
GearLight LED Flashlight Pack -2 Bright Zoomable Tactical Flashlights with High Lumens and 5 Modes for Emergency and Outdoor Use -Camping Accessories -S1000, 2022/03/11, 19.99
GearLight LED Flashlight Pack -2 Bright Zoomable Tactical Flashlights with High Lumens and 5 Modes for Emergency and Outdoor Use -Camping Accessories -S1000, 2022/03/11, 21.99
GearLight LED Flashlight Pack -2 Bright Zoomable Tactical Flashlights with High Lumens and 5 Modes for Emergency and Outdoor Use -Camping Accessories -S1000, 2022/03/11, 22.99
GearLight LED Flashlight Pack -2 Bright Zoomable Tactical Flashlights with High Lumens and 5 Modes for Emergency and Outdoor Use -Camping Accessories -S1000, 2022/03/11, 23.99
GearLight LED Flashlight Pack -2 Bright Zoomable Tactical Flashlights with High Lumens and 5 Modes for Emergency and Outdoor Use -Camping Accessories -S1000, 2022/03/11, 18.99
GearLight LED Flashlight Pack -2 Bright Zoomable Tactical Flashlights with High Lumens and 5 Modes for Emergency and Outdoor Use -Camping Accessories -S1000, 2022/03/11, 19.99
GearLight LED Flashlight Pack -2 Bright Zoomable Tactical Flashlights with High Lumens and 5 Modes for Emergency and Outdoor Use -Camping Accessories -S1000, 2022/03/11, 18.99
GearLight LED Flashlight Pack -2 Bright Zoomable Tactical Flashlights with High Lumens and 5 Modes for Emergency and Outdoor Use -Camping Accessories -S1000, 2022/03/11, 17.99
GearLight LED Flashlight Pack -2 Bright Zoomable Tactical Flashlights with High Lumens and 5 Modes for Emergency and Outdoor Use -Camping Accessories -S1000, 2022/03/11, 16.99
GearLight LED Flashlight Pack -2 Bright Zoomable Tactical Flashlights with High Lumens and 5 Modes for Emergency and Outdoor Use -Camping Accessories -S1000, 2022/03/11, 17.99
GearLight LED Flashlight Pack -2 Bright Zoomable Tactical Flashlights with High Lumens and 5 Modes for Emergency and Outdoor Use -Camping Accessories -S1000, 2022/03/11, 16.99
GearLight LED Flashlight Pack -2 Bright Zoomable Tactical Flashlights with High Lumens and 5 Modes for Emergency and Outdoor Use -Camping Accessories -S1000, 2022/03/11, 17.99
GearLight LED Flashlight Pack -2 Bright Zoomable Tactical Flashlights with High Lumens and 5 Modes for Emergency and Outdoor Use -Camping Accessories -S1000, 2022/03/11, 18.99
GearLight LED Flashlight Pack -2 Bright Zoomable Tactical Flashlights with High Lumens and 5 Modes for Emergency and Outdoor Use -Camping Accessories -S1000, 2022/03/11, 17.99
GearLight LED Flashlight Pack -2 Bright Zoomable Tactical Flashlights with High Lumens and 5 Modes for Emergency and Outdoor Use -Camping Accessories -S1000, 2022/03/11, 16.99
GearLight LED Flashlight Pack -2 Bright Zoomable Tactical Flashlights with High Lumens and 5 Modes for Emergency and Outdoor Use -Camping Accessories -S1000, 2022/03/11, 17.99
GearLight LED Flashlight Pack -2 Bright Zoomable Tactical Flashlights with High Lumens and 5 Modes for Emergency and Outdoor Use -Camping Accessories -S1000, 2022/03/11, 16.99
GearLight LED Flashlight Pack -2 Bright Zoomable Tactical Flashlights with High Lumens and 5 Modes for Emergency and Outdoor Use -Camping Accessories -S1000, 2022/03/11, 17.99
GearLight LED Flashlight Pack -2 Bright Zoomable Tactical Flashlights with High Lumens and 5 Modes for Emergency and Outdoor Use -Camping Accessories -S1000, 2022/03/11, 21.22
GearLight LED Flashlight Pack -2 Bright Zoomable Tactical Flashlights with High Lumens and 5 Modes for Emergency and Outdoor Use -Camping Accessories -S1000, 2022/03/11, 21.21
GearLight LED Flashlight Pack -2 Bright Zoomable Tactical Flashlights with High Lumens and 5 Modes for Emergency and Outdoor Use -Camping Accessories -S1000, 2022/03/11, 18.98
GearLight LED Flashlight Pack -2 Bright Zoomable Tactical Flashlights with High Lumens and 5 Modes for Emergency and Outdoor Use -Camping Accessories -S1000, 2022/03/11, 18.99
GearLight LED Flashlight Pack -2 Bright Zoomable Tactical Flashlights with High Lumens and 5 Modes for Emergency and Outdoor Use -Camping Accessories -S1000, 2022/03/11, 19.99
GearLight LED Flashlight Pack -2 Bright Zoomable Tactical Flashlights with High Lumens and 5 Modes for Emergency and Outdoor Use -Camping Accessories -S1000, 2022/03/11, 18.99
GearLight LED Flashlight Pack -2 Bright Zoomable Tactical Flashlights with High Lumens and 5 Modes for Emergency and Outdoor Use -Camping Accessories -S1000, 2022/03/11, 18.98
GearLight LED Flashlight Pack -2 Bright Zoomable Tactical Flashlights with High Lumens and 5 Modes for Emergency and Outdoor Use -Camping Accessories -S1000, 2022/03/11, 18.99
GearLight LED Flashlight Pack -2 Bright Zoomable Tactical Flashlights with High Lumens and 5 Modes for Emergency and Outdoor Use -Camping Accessories -S1000, 2022/03/11, 18.98
GearLight LED Flashlight Pack -2 Bright Zoomable Tactical Flashlights with High Lumens and 5 Modes for Emergency and Outdoor Use -Camping Accessories -S1000, 2022/03/11, 18.99
GearLight LED Flashlight Pack -2 Bright Zoomable Tactical Flashlights with High Lumens and 5 Modes for Emergency and Outdoor Use -Camping Accessories -S1000, 2022/03/11, 19.98
GearLight LED Flashlight Pack -2 Bright Zoomable Tactical Flashlights with High Lumens and 5 Modes for Emergency and Outdoor Use -Camping Accessories -S1000, 2022/03/11, 19.99
GearLight LED Flashlight Pack -2 Bright Zoomable Tactical Flashlights with High Lumens and 5 Modes for Emergency and Outdoor Use -Camping Accessories -S1000, 2022/03/11, 18.99
GearLight LED Flashlight Pack -2 Bright Zoomable Tactical Flashlights with High Lumens and 5 Modes for Emergency and Outdoor Use -Camping Accessories -S1000, 2022/03/11, 15.99
GearLight LED Flashlight Pack -2 Bright Zoomable Tactical Flashlights with High Lumens and 5 Modes for Emergency and Outdoor Use -Camping Accessories -S1000, 2022/03/11, 18.99
GearLight LED Flashlight Pack -2 Bright Zoomable Tactical Flashlights with High Lumens and 5 Modes for Emergency and Outdoor Use -Camping Accessories -S1000, 2022/03/11, 18.98
GearLight LED Flashlight Pack -2 Bright Zoomable Tactical Flashlights with High Lumens and 5 Modes for Emergency and Outdoor Use -Camping Accessories -S1000, 2022/03/11, 18.99
GearLight LED Flashlight Pack -2 Bright Zoomable Tactical Flashlights with High Lumens and 5 Modes for Emergency and Outdoor Use -Camping Accessories -S1000, 2022/03/11, 18.98
GearLight LED Flashlight Pack -2 Bright Zoomable Tactical Flashlights with High Lumens and 5 Modes for Emergency and Outdoor Use -Camping Accessories -S1000, 2022/03/11, 19.98
GearLight LED Flashlight Pack -2 Bright Zoomable Tactical Flashlights with High Lumens and 5 Modes for Emergency and Outdoor Use -Camping Accessories -S1000, 2022/03/11, 20.98
GearLight LED Flashlight Pack -2 Bright Zoomable Tactical Flashlights with High Lumens and 5 Modes for Emergency and Outdoor Use -Camping Accessories -S1000, 2022/03/11, 20.99
GearLight LED Flashlight Pack -2 Bright Zoomable Tactical Flashlights with High Lumens and 5 Modes for Emergency and Outdoor Use -Camping Accessories -S1000, 2022/03/11, 20.98
GearLight LED Flashlight Pack -2 Bright Zoomable Tactical Flashlights with High Lumens and 5 Modes for Emergency and Outdoor Use -Camping Accessories -S1000, 2022/03/11, 19.97
GearLight LED Flashlight Pack -2 Bright Zoomable Tactical Flashlights with High Lumens and 5 Modes for Emergency and Outdoor Use -Camping Accessories -S1000, 2022/03/11, 20.99
GearLight LED Flashlight Pack -2 Bright Zoomable Tactical Flashlights with High Lumens and 5 Modes for Emergency and Outdoor Use -Camping Accessories -S1000, 2022/03/11, 19.99
GearLight LED Flashlight Pack -2 Bright Zoomable Tactical Flashlights with High Lumens and 5 Modes for Emergency and Outdoor Use -Camping Accessories -S1000, 2022/03/11, 18.99
GearLight LED Flashlight Pack -2 Bright Zoomable Tactical Flashlights with High Lumens and 5 Modes for Emergency and Outdoor Use -Camping Accessories -S1000, 2022/03/11, 18.98
GearLight LED Flashlight Pack -2 Bright Zoomable Tactical Flashlights with High Lumens and 5 Modes for Emergency and Outdoor Use -Camping Accessories -S1000, 2022/03/11, 18.99
GearLight LED Flashlight Pack -2 Bright Zoomable Tactical Flashlights with High Lumens and 5 Modes for Emergency and Outdoor Use -Camping Accessories -S1000, 2022/03/11, 18.98
GearLight LED Flashlight Pack -2 Bright Zoomable Tactical Flashlights with High Lumens and 5 Modes for Emergency and Outdoor Use -Camping Accessories -S1000, 2022/03/11, 18.99
GearLight LED Flashlight Pack -2 Bright Zoomable Tactical Flashlights with High Lumens and 5 Modes for Emergency and Outdoor Use -Camping Accessories -S1000, 2022/03/11, 18.98
GearLight LED Flashlight Pack -2 Bright Zoomable Tactical Flashlights with High Lumens and 5 Modes for Emergency and Outdoor Use -Camping Accessories -S1000, 2022/03/11, 18.99
GearLight LED Flashlight Pack -2 Bright Zoomable Tactical Flashlights with High Lumens and 5 Modes for Emergency and Outdoor Use -Camping Accessories -S1000, 2022/03/11, 19.98
GearLight LED Flashlight Pack -2 Bright Zoomable Tactical Flashlights with High Lumens and 5 Modes for Emergency and Outdoor Use -Camping Accessories -S1000, 2022/03/11, 18.98
GearLight LED Flashlight Pack -2 Bright Zoomable Tactical Flashlights with High Lumens and 5 Modes for Emergency and Outdoor Use -Camping Accessories -S1000, 2022/03/11, 19.98
GearLight LED Flashlight Pack -2 Bright Zoomable Tactical Flashlights with High Lumens and 5 Modes for Emergency and Outdoor Use -Camping Accessories -S1000, 2022/03/11, 18.99
GearLight LED Flashlight Pack -2 Bright Zoomable Tactical Flashlights with High Lumens and 5 Modes for Emergency and Outdoor Use -Camping Accessories -S1000, 2022/03/11, 18.98
GearLight LED Flashlight Pack -2 Bright Zoomable Tactical Flashlights with High Lumens and 5 Modes for Emergency and Outdoor Use -Camping Accessories -S1000, 2022/03/11, 18.99
GearLight LED Flashlight Pack -2 Bright Zoomable Tactical Flashlights with High Lumens and 5 Modes for Emergency and Outdoor Use -Camping Accessories -S1000, 2022/03/11, 18.98
GearLight LED Flashlight Pack -2 Bright Zoomable Tactical Flashlights with High Lumens and 5 Modes for Emergency and Outdoor Use -Camping Accessories -S1000, 2022/03/11, -0.01
GearLight LED Flashlight Pack -2 Bright Zoomable Tactical Flashlights with High Lumens and 5 Modes for Emergency and Outdoor Use -Camping Accessories -S1000, 2022/03/11, 18.99
GearLight LED Flashlight Pack -2 Bright Zoomable Tactical Flashlights with High Lumens and 5 Modes for Emergency and Outdoor Use -Camping Accessories -S1000, 2022/03/11, 19.99
GearLight LED Flashlight Pack -2 Bright Zoomable Tactical Flashlights with High Lumens and 5 Modes for Emergency and Outdoor Use -Camping Accessories -S1000, 2022/03/11, 18.98
GearLight LED Flashlight Pack -2 Bright Zoomable Tactical Flashlights with High Lumens and 5 Modes for Emergency and Outdoor Use -Camping Accessories -S1000, 2022/03/11, 19.99
GearLight LED Flashlight Pack -2 Bright Zoomable Tactical Flashlights with High Lumens and 5 Modes for Emergency and Outdoor Use -Camping Accessories -S1000, 2022/03/11, 18.98
GearLight LED Flashlight Pack -2 Bright Zoomable Tactical Flashlights with High Lumens and 5 Modes for Emergency and Outdoor Use -Camping Accessories -S1000, 2022/03/11, 19.99
GearLight LED Flashlight Pack -2 Bright Zoomable Tactical Flashlights with High Lumens and 5 Modes for Emergency and Outdoor Use -Camping Accessories -S1000, 2022/03/11, 18.99
GearLight LED Flashlight Pack -2 Bright Zoomable Tactical Flashlights with High Lumens and 5 Modes for Emergency and Outdoor Use -Camping Accessories -S1000, 2022/03/11, 15.99
GearLight LED Flashlight Pack -2 Bright Zoomable Tactical Flashlights with High Lumens and 5 Modes for Emergency and Outdoor Use -Camping Accessories -S1000, 2022/03/11, 18.99
GearLight LED Flashlight Pack -2 Bright Zoomable Tactical Flashlights with High Lumens and 5 Modes for Emergency and Outdoor Use -Camping Accessories -S1000, 2022/03/11, 15.99
GearLight LED Flashlight Pack -2 Bright Zoomable Tactical Flashlights with High Lumens and 5 Modes for Emergency and Outdoor Use -Camping Accessories -S1000, 2022/03/11, 16.99
GearLight LED Flashlight Pack -2 Bright Zoomable Tactical Flashlights with High Lumens and 5 Modes for Emergency and Outdoor Use -Camping Accessories -S1000, 2022/03/11, 17.99
GearLight LED Flashlight Pack -2 Bright Zoomable Tactical Flashlights with High Lumens and 5 Modes for Emergency and Outdoor Use -Camping Accessories -S1000, 2022/03/11, 16.99
GearLight LED Flashlight Pack -2 Bright Zoomable Tactical Flashlights with High Lumens and 5 Modes for Emergency and Outdoor Use -Camping Accessories -S1000, 2022/03/11, 17.95
GearLight LED Flashlight Pack -2 Bright Zoomable Tactical Flashlights with High Lumens and 5 Modes for Emergency and Outdoor Use -Camping Accessories -S1000, 2022/03/11, 17.99
GearLight LED Flashlight Pack -2 Bright Zoomable Tactical Flashlights with High Lumens and 5 Modes for Emergency and Outdoor Use -Camping Accessories -S1000, 2022/03/11, 16.99
GearLight LED Flashlight Pack -2 Bright Zoomable Tactical Flashlights with High Lumens and 5 Modes for Emergency and Outdoor Use -Camping Accessories -S1000, 2022/03/11, -0.01
GearLight LED Flashlight Pack -2 Bright Zoomable Tactical Flashlights with High Lumens and 5 Modes for Emergency and Outdoor Use -Camping Accessories -S1000, 2022/03/11, 16.99
GearLight LED Flashlight Pack -2 Bright Zoomable Tactical Flashlights with High Lumens and 5 Modes for Emergency and Outdoor Use -Camping Accessories -S1000, 2022/03/11, 15.99
GearLight LED Flashlight Pack -2 Bright Zoomable Tactical Flashlights with High Lumens and 5 Modes for Emergency and Outdoor Use -Camping Accessories -S1000, 2022/03/11, 16.99
GearLight LED Flashlight Pack -2 Bright Zoomable Tactical Flashlights with High Lumens and 5 Modes for Emergency and Outdoor Use -Camping Accessories -S1000, 2022/03/11, 17.95
GearLight LED Flashlight Pack -2 Bright Zoomable Tactical Flashlights with High Lumens and 5 Modes for Emergency and Outdoor Use -Camping Accessories -S1000, 2022/03/11, 17.99
GearLight LED Flashlight Pack -2 Bright Zoomable Tactical Flashlights with High Lumens and 5 Modes for Emergency and Outdoor Use -Camping Accessories -S1000, 2022/03/11, 16.99
GearLight LED Flashlight Pack -2 Bright Zoomable Tactical Flashlights with High Lumens and 5 Modes for Emergency and Outdoor Use -Camping Accessories -S1000, 2022/03/11, 17.99
GearLight LED Flashlight Pack -2 Bright Zoomable Tactical Flashlights with High Lumens and 5 Modes for Emergency and Outdoor Use -Camping Accessories -S1000, 2022/03/11, -0.01
GearLight LED Flashlight Pack -2 Bright Zoomable Tactical Flashlights with High Lumens and 5 Modes for Emergency and Outdoor Use -Camping Accessories -S1000, 2022/03/11, 17.99
GearLight LED Flashlight Pack -2 Bright Zoomable Tactical Flashlights with High Lumens and 5 Modes for Emergency and Outdoor Use -Camping Accessories -S1000, 2022/03/11, 14.44
GearLight LED Flashlight Pack -2 Bright Zoomable Tactical Flashlights with High Lumens and 5 Modes for Emergency and Outdoor Use -Camping Accessories -S1000, 2022/03/11, 17.99
GearLight LED Flashlight Pack -2 Bright Zoomable Tactical Flashlights with High Lumens and 5 Modes for Emergency and Outdoor Use -Camping Accessories -S1000, 2022/03/11, 15.29
GearLight LED Flashlight Pack -2 Bright Zoomable Tactical Flashlights with High Lumens and 5 Modes for Emergency and Outdoor Use -Camping Accessories -S1000, 2022/03/11, 17.99
GearLight LED Flashlight Pack -2 Bright Zoomable Tactical Flashlights with High Lumens and 5 Modes for Emergency and Outdoor Use -Camping Accessories -S1000, 2022/03/11, -0.01
GearLight LED Flashlight Pack -2 Bright Zoomable Tactical Flashlights with High Lumens and 5 Modes for Emergency and Outdoor Use -Camping Accessories -S1000, 2022/03/11, 17.99
GearLight LED Flashlight Pack -2 Bright Zoomable Tactical Flashlights with High Lumens and 5 Modes for Emergency and Outdoor Use -Camping Accessories -S1000, 2022/03/11, 15.29
GearLight LED Flashlight Pack -2 Bright Zoomable Tactical Flashlights with High Lumens and 5 Modes for Emergency and Outdoor Use -Camping Accessories -S1000, 2022/03/11, 17.99
GearLight LED Flashlight Pack -2 Bright Zoomable Tactical Flashlights with High Lumens and 5 Modes for Emergency and Outdoor Use -Camping Accessories -S1000, 2022/03/11, 14.39
GearLight LED Flashlight Pack -2 Bright Zoomable Tactical Flashlights with High Lumens and 5 Modes for Emergency and Outdoor Use -Camping Accessories -S1000, 2022/03/11, 17.99
GearLight LED Flashlight Pack -2 Bright Zoomable Tactical Flashlights with High Lumens and 5 Modes for Emergency and Outdoor Use -Camping Accessories -S1000, 2022/03/11, 16.99
GearLight LED Flashlight Pack -2 Bright Zoomable Tactical Flashlights with High Lumens and 5 Modes for Emergency and Outdoor Use -Camping Accessories -S1000, 2022/03/11, 17.99
GearLight LED Flashlight Pack -2 Bright Zoomable Tactical Flashlights with High Lumens and 5 Modes for Emergency and Outdoor Use -Camping Accessories -S1000, 2022/03/11, 17.98
GearLight LED Flashlight Pack -2 Bright Zoomable Tactical Flashlights with High Lumens and 5 Modes for Emergency and Outdoor Use -Camping Accessories -S1000, 2022/03/11, 17.99
GearLight LED Flashlight Pack -2 Bright Zoomable Tactical Flashlights with High Lumens and 5 Modes for Emergency and Outdoor Use -Camping Accessories -S1000, 2022/03/11, 14.44
GearLight LED Flashlight Pack -2 Bright Zoomable Tactical Flashlights with High Lumens and 5 Modes for Emergency and Outdoor Use -Camping Accessories -S1000, 2022/03/11, -0.01
GearLight LED Flashlight Pack -2 Bright Zoomable Tactical Flashlights with High Lumens and 5 Modes for Emergency and Outdoor Use -Camping Accessories -S1000, 2022/03/11, 14.44
GearLight LED Flashlight Pack -2 Bright Zoomable Tactical Flashlights with High Lumens and 5 Modes for Emergency and Outdoor Use -Camping Accessories -S1000, 2022/03/11, 17.98
GearLight LED Flashlight Pack -2 Bright Zoomable Tactical Flashlights with High Lumens and 5 Modes for Emergency and Outdoor Use -Camping Accessories -S1000, 2022/03/11, 16.99
GearLight LED Flashlight Pack -2 Bright Zoomable Tactical Flashlights with High Lumens and 5 Modes for Emergency and Outdoor Use -Camping Accessories -S1000, 2022/03/11, 17.98
GearLight LED Flashlight Pack -2 Bright Zoomable Tactical Flashlights with High Lumens and 5 Modes for Emergency and Outdoor Use -Camping Accessories -S1000, 2022/03/11, 17.99
GearLight LED Flashlight Pack -2 Bright Zoomable Tactical Flashlights with High Lumens and 5 Modes for Emergency and Outdoor Use -Camping Accessories -S1000, 2022/03/11, 16.99
GearLight LED Flashlight Pack -2 Bright Zoomable Tactical Flashlights with High Lumens and 5 Modes for Emergency and Outdoor Use -Camping Accessories -S1000, 2022/03/11, 17.99
GearLight LED Flashlight Pack -2 Bright Zoomable Tactical Flashlights with High Lumens and 5 Modes for Emergency and Outdoor Use -Camping Accessories -S1000, 2022/03/11, 17.98
GearLight LED Flashlight Pack -2 Bright Zoomable Tactical Flashlights with High Lumens and 5 Modes for Emergency and Outdoor Use -Camping Accessories -S1000, 2022/03/11, 17.99
GearLight LED Flashlight Pack -2 Bright Zoomable Tactical Flashlights with High Lumens and 5 Modes for Emergency and Outdoor Use -Camping Accessories -S1000, 2022/03/11, 17.98
GearLight LED Flashlight Pack -2 Bright Zoomable Tactical Flashlights with High Lumens and 5 Modes for Emergency and Outdoor Use -Camping Accessories -S1000, 2022/03/11, 17.99
GearLight LED Flashlight Pack -2 Bright Zoomable Tactical Flashlights with High Lumens and 5 Modes for Emergency and Outdoor Use -Camping Accessories -S1000, 2022/03/11, 17.98
GearLight LED Flashlight Pack -2 Bright Zoomable Tactical Flashlights with High Lumens and 5 Modes for Emergency and Outdoor Use -Camping Accessories -S1000, 2022/03/11, 17.99
GearLight LED Flashlight Pack -2 Bright Zoomable Tactical Flashlights with High Lumens and 5 Modes for Emergency and Outdoor Use -Camping Accessories -S1000, 2022/03/11, 17.98
GearLight LED Flashlight Pack -2 Bright Zoomable Tactical Flashlights with High Lumens and 5 Modes for Emergency and Outdoor Use -Camping Accessories -S1000, 2022/03/11, 17.99
GearLight LED Flashlight Pack -2 Bright Zoomable Tactical Flashlights with High Lumens and 5 Modes for Emergency and Outdoor Use -Camping Accessories -S1000, 2022/03/11, 17.98
GearLight LED Flashlight Pack -2 Bright Zoomable Tactical Flashlights with High Lumens and 5 Modes for Emergency and Outdoor Use -Camping Accessories -S1000, 2022/03/11, 17.99
GearLight LED Flashlight Pack -2 Bright Zoomable Tactical Flashlights with High Lumens and 5 Modes for Emergency and Outdoor Use -Camping Accessories -S1000, 2022/03/11, 17.98
GearLight LED Flashlight Pack -2 Bright Zoomable Tactical Flashlights with High Lumens and 5 Modes for Emergency and Outdoor Use -Camping Accessories -S1000, 2022/03/11, 17.99
GearLight LED Flashlight Pack -2 Bright Zoomable Tactical Flashlights with High Lumens and 5 Modes for Emergency and Outdoor Use -Camping Accessories -S1000, 2022/03/11, 17.98
GearLight LED Flashlight Pack -2 Bright Zoomable Tactical Flashlights with High Lumens and 5 Modes for Emergency and Outdoor Use -Camping Accessories -S1000, 2022/03/11, 17.99
GearLight LED Flashlight Pack -2 Bright Zoomable Tactical Flashlights with High Lumens and 5 Modes for Emergency and Outdoor Use -Camping Accessories -S1000, 2022/03/11, 17.98
GearLight LED Flashlight Pack -2 Bright Zoomable Tactical Flashlights with High Lumens and 5 Modes for Emergency and Outdoor Use -Camping Accessories -S1000, 2022/03/11, 17.99
GearLight LED Flashlight Pack -2 Bright Zoomable Tactical Flashlights with High Lumens and 5 Modes for Emergency and Outdoor Use -Camping Accessories -S1000, 2022/03/11, 17.98
GearLight LED Flashlight Pack -2 Bright Zoomable Tactical Flashlights with High Lumens and 5 Modes for Emergency and Outdoor Use -Camping Accessories -S1000, 2022/03/11, 17.99
GearLight LED Flashlight Pack -2 Bright Zoomable Tactical Flashlights with High Lumens and 5 Modes for Emergency and Outdoor Use -Camping Accessories -S1000, 2022/03/11, 17.98
GearLight LED Flashlight Pack -2 Bright Zoomable Tactical Flashlights with High Lumens and 5 Modes for Emergency and Outdoor Use -Camping Accessories -S1000, 2022/03/11, 17.99
GearLight LED Flashlight Pack -2 Bright Zoomable Tactical Flashlights with High Lumens and 5 Modes for Emergency and Outdoor Use -Camping Accessories -S1000, 2022/03/11, 17.98
GearLight LED Flashlight Pack -2 Bright Zoomable Tactical Flashlights with High Lumens and 5 Modes for Emergency and Outdoor Use -Camping Accessories -S1000, 2022/03/11, 17.99
GearLight LED Flashlight Pack -2 Bright Zoomable Tactical Flashlights with High Lumens and 5 Modes for Emergency and Outdoor Use -Camping Accessories -S1000, 2022/03/11, 17.98
GearLight LED Flashlight Pack -2 Bright Zoomable Tactical Flashlights with High Lumens and 5 Modes for Emergency and Outdoor Use -Camping Accessories -S1000, 2022/03/11, 17.99
GearLight LED Flashlight Pack -2 Bright Zoomable Tactical Flashlights with High Lumens and 5 Modes for Emergency and Outdoor Use -Camping Accessories -S1000, 2022/03/11, 17.98
GearLight LED Flashlight Pack -2 Bright Zoomable Tactical Flashlights with High Lumens and 5 Modes for Emergency and Outdoor Use -Camping Accessories -S1000, 2022/03/11, 17.99
GearLight LED Flashlight Pack -2 Bright Zoomable Tactical Flashlights with High Lumens and 5 Modes for Emergency and Outdoor Use -Camping Accessories -S1000, 2022/03/11, 17.98
GearLight LED Flashlight Pack -2 Bright Zoomable Tactical Flashlights with High Lumens and 5 Modes for Emergency and Outdoor Use -Camping Accessories -S1000, 2022/03/11, 17.99
GearLight LED Flashlight Pack -2 Bright Zoomable Tactical Flashlights with High Lumens and 5 Modes for Emergency and Outdoor Use -Camping Accessories -S1000, 2022/03/11, 17.98
GearLight LED Flashlight Pack -2 Bright Zoomable Tactical Flashlights with High Lumens and 5 Modes for Emergency and Outdoor Use -Camping Accessories -S1000, 2022/03/11, 17.99
GearLight LED Flashlight Pack -2 Bright Zoomable Tactical Flashlights with High Lumens and 5 Modes for Emergency and Outdoor Use -Camping Accessories -S1000, 2022/03/11, 17.98
GearLight LED Flashlight Pack -2 Bright Zoomable Tactical Flashlights with High Lumens and 5 Modes for Emergency and Outdoor Use -Camping Accessories -S1000, 2022/03/11, 17.99
GearLight LED Flashlight Pack -2 Bright Zoomable Tactical Flashlights with High Lumens and 5 Modes for Emergency and Outdoor Use -Camping Accessories -S1000, 2022/03/11, 17.98
GearLight LED Flashlight Pack -2 Bright Zoomable Tactical Flashlights with High Lumens and 5 Modes for Emergency and Outdoor Use -Camping Accessories -S1000, 2022/03/11, 17.99
GearLight LED Flashlight Pack -2 Bright Zoomable Tactical Flashlights with High Lumens and 5 Modes for Emergency and Outdoor Use -Camping Accessories -S1000, 2022/03/11, 17.98
GearLight LED Flashlight Pack -2 Bright Zoomable Tactical Flashlights with High Lumens and 5 Modes for Emergency and Outdoor Use -Camping Accessories -S1000, 2022/03/11, 17.99
GearLight LED Flashlight Pack -2 Bright Zoomable Tactical Flashlights with High Lumens and 5 Modes for Emergency and Outdoor Use -Camping Accessories -S1000, 2022/03/11, 17.98
GearLight LED Flashlight Pack -2 Bright Zoomable Tactical Flashlights with High Lumens and 5 Modes for Emergency and Outdoor Use -Camping Accessories -S1000, 2022/03/11, 17.99
GearLight LED Flashlight Pack -2 Bright Zoomable Tactical Flashlights with High Lumens and 5 Modes for Emergency and Outdoor Use -Camping Accessories -S1000, 2022/03/11, 17.98
GearLight LED Flashlight Pack -2 Bright Zoomable Tactical Flashlights with High Lumens and 5 Modes for Emergency and Outdoor Use -Camping Accessories -S1000, 2022/03/11, 17.99
GearLight LED Flashlight Pack -2 Bright Zoomable Tactical Flashlights with High Lumens and 5 Modes for Emergency and Outdoor Use -Camping Accessories -S1000, 2022/03/11, 17.98
GearLight LED Flashlight Pack -2 Bright Zoomable Tactical Flashlights with High Lumens and 5 Modes for Emergency and Outdoor Use -Camping Accessories -S1000, 2022/03/11, 17.99
GearLight LED Flashlight Pack -2 Bright Zoomable Tactical Flashlights with High Lumens and 5 Modes for Emergency and Outdoor Use -Camping Accessories -S1000, 2022/03/11, 17.98
GearLight LED Flashlight Pack -2 Bright Zoomable Tactical Flashlights with High Lumens and 5 Modes for Emergency and Outdoor Use -Camping Accessories -S1000, 2022/03/11, 17.99
GearLight LED Flashlight Pack -2 Bright Zoomable Tactical Flashlights with High Lumens and 5 Modes for Emergency and Outdoor Use -Camping Accessories -S1000, 2022/03/11, 17.98
GearLight LED Flashlight Pack -2 Bright Zoomable Tactical Flashlights with High Lumens and 5 Modes for Emergency and Outdoor Use -Camping Accessories -S1000, 2022/03/11, 17.99
GearLight LED Flashlight Pack -2 Bright Zoomable Tactical Flashlights with High Lumens and 5 Modes for Emergency and Outdoor Use -Camping Accessories -S1000, 2022/03/11, 17.98
GearLight LED Flashlight Pack -2 Bright Zoomable Tactical Flashlights with High Lumens and 5 Modes for Emergency and Outdoor Use -Camping Accessories -S1000, 2022/03/11, 17.99
GearLight LED Flashlight Pack -2 Bright Zoomable Tactical Flashlights with High Lumens and 5 Modes for Emergency and Outdoor Use -Camping Accessories -S1000, 2022/03/11, 17.98
GearLight LED Flashlight Pack -2 Bright Zoomable Tactical Flashlights with High Lumens and 5 Modes for Emergency and Outdoor Use -Camping Accessories -S1000, 2022/03/11, 17.99
GearLight LED Flashlight Pack -2 Bright Zoomable Tactical Flashlights with High Lumens and 5 Modes for Emergency and Outdoor Use -Camping Accessories -S1000, 2022/03/11, 17.98
GearLight LED Flashlight Pack -2 Bright Zoomable Tactical Flashlights with High Lumens and 5 Modes for Emergency and Outdoor Use -Camping Accessories -S1000, 2022/03/11, 17.99
GearLight LED Flashlight Pack -2 Bright Zoomable Tactical Flashlights with High Lumens and 5 Modes for Emergency and Outdoor Use -Camping Accessories -S1000, 2022/03/11, 17.98
GearLight LED Flashlight Pack -2 Bright Zoomable Tactical Flashlights with High Lumens and 5 Modes for Emergency and Outdoor Use -Camping Accessories -S1000, 2022/03/11, 17.99
GearLight LED Flashlight Pack -2 Bright Zoomable Tactical Flashlights with High Lumens and 5 Modes for Emergency and Outdoor Use -Camping Accessories -S1000, 2022/03/11, 17.98
GearLight LED Flashlight Pack -2 Bright Zoomable Tactical Flashlights with High Lumens and 5 Modes for Emergency and Outdoor Use -Camping Accessories -S1000, 2022/03/11, 17.99
GearLight LED Flashlight Pack -2 Bright Zoomable Tactical Flashlights with High Lumens and 5 Modes for Emergency and Outdoor Use -Camping Accessories -S1000, 2022/03/11, 17.98
GearLight LED Flashlight Pack -2 Bright Zoomable Tactical Flashlights with High Lumens and 5 Modes for Emergency and Outdoor Use -Camping Accessories -S1000, 2022/03/11, 17.99
GearLight LED Flashlight Pack -2 Bright Zoomable Tactical Flashlights with High Lumens and 5 Modes for Emergency and Outdoor Use -Camping Accessories -S1000, 2022/03/11, 17.98
GearLight LED Flashlight Pack -2 Bright Zoomable Tactical Flashlights with High Lumens and 5 Modes for Emergency and Outdoor Use -Camping Accessories -S1000, 2022/03/11, 17.99
GearLight LED Flashlight Pack -2 Bright Zoomable Tactical Flashlights with High Lumens and 5 Modes for Emergency and Outdoor Use -Camping Accessories -S1000, 2022/03/11, 17.98
GearLight LED Flashlight Pack -2 Bright Zoomable Tactical Flashlights with High Lumens and 5 Modes for Emergency and Outdoor Use -Camping Accessories -S1000, 2022/03/11, 17.99
GearLight LED Flashlight Pack -2 Bright Zoomable Tactical Flashlights with High Lumens and 5 Modes for Emergency and Outdoor Use -Camping Accessories -S1000, 2022/03/11, 17.98
GearLight LED Flashlight Pack -2 Bright Zoomable Tactical Flashlights with High Lumens and 5 Modes for Emergency and Outdoor Use -Camping Accessories -S1000, 2022/03/11, 17.99
GearLight LED Flashlight Pack -2 Bright Zoomable Tactical Flashlights with High Lumens and 5 Modes for Emergency and Outdoor Use -Camping Accessories -S1000, 2022/03/11, 17.98
GearLight LED Flashlight Pack -2 Bright Zoomable Tactical Flashlights with High Lumens and 5 Modes for Emergency and Outdoor Use -Camping Accessories -S1000, 2022/03/11, 17.99
GearLight LED Flashlight Pack -2 Bright Zoomable Tactical Flashlights with High Lumens and 5 Modes for Emergency and Outdoor Use -Camping Accessories -S1000, 2022/03/11, 17.98
GearLight LED Flashlight Pack -2 Bright Zoomable Tactical Flashlights with High Lumens and 5 Modes for Emergency and Outdoor Use -Camping Accessories -S1000, 2022/03/11, 17.99
GearLight LED Flashlight Pack -2 Bright Zoomable Tactical Flashlights with High Lumens and 5 Modes for Emergency and Outdoor Use -Camping Accessories -S1000, 2022/03/11, 17.98
GearLight LED Flashlight Pack -2 Bright Zoomable Tactical Flashlights with High Lumens and 5 Modes for Emergency and Outdoor Use -Camping Accessories -S1000, 2022/03/11, 17.99
GearLight LED Flashlight Pack -2 Bright Zoomable Tactical Flashlights with High Lumens and 5 Modes for Emergency and Outdoor Use -Camping Accessories -S1000, 2022/03/11, 17.98
GearLight LED Flashlight Pack -2 Bright Zoomable Tactical Flashlights with High Lumens and 5 Modes for Emergency and Outdoor Use -Camping Accessories -S1000, 2022/03/11, 17.99
GearLight LED Flashlight Pack -2 Bright Zoomable Tactical Flashlights with High Lumens and 5 Modes for Emergency and Outdoor Use -Camping Accessories -S1000, 2022/03/11, 17.98
GearLight LED Flashlight Pack -2 Bright Zoomable Tactical Flashlights with High Lumens and 5 Modes for Emergency and Outdoor Use -Camping Accessories -S1000, 2022/03/11, 17.99
GearLight LED Flashlight Pack -2 Bright Zoomable Tactical Flashlights with High Lumens and 5 Modes for Emergency and Outdoor Use -Camping Accessories -S1000, 2022/03/11, 17.98
GearLight LED Flashlight Pack -2 Bright Zoomable Tactical Flashlights with High Lumens and 5 Modes for Emergency and Outdoor Use -Camping Accessories -S1000, 2022/03/11, 17.99
GearLight LED Flashlight Pack -2 Bright Zoomable Tactical Flashlights with High Lumens and 5 Modes for Emergency and Outdoor Use -Camping Accessories -S1000, 2022/03/11, 17.98
GearLight LED Flashlight Pack -2 Bright Zoomable Tactical Flashlights with High Lumens and 5 Modes for Emergency and Outdoor Use -Camping Accessories -S1000, 2022/03/11, 17.99
GearLight LED Flashlight Pack -2 Bright Zoomable Tactical Flashlights with High Lumens and 5 Modes for Emergency and Outdoor Use -Camping Accessories -S1000, 2022/03/11, 17.98
GearLight LED Flashlight Pack -2 Bright Zoomable Tactical Flashlights with High Lumens and 5 Modes for Emergency and Outdoor Use -Camping Accessories -S1000, 2022/03/11, 17.99
GearLight LED Flashlight Pack -2 Bright Zoomable Tactical Flashlights with High Lumens and 5 Modes for Emergency and Outdoor Use -Camping Accessories -S1000, 2022/03/11, 17.98
GearLight LED Flashlight Pack -2 Bright Zoomable Tactical Flashlights with High Lumens and 5 Modes for Emergency and Outdoor Use -Camping Accessories -S1000, 2022/03/11, 17.99
GearLight LED Flashlight Pack -2 Bright Zoomable Tactical Flashlights with High Lumens and 5 Modes for Emergency and Outdoor Use -Camping Accessories -S1000, 2022/03/11, 16.99
GearLight LED Flashlight Pack -2 Bright Zoomable Tactical Flashlights with High Lumens and 5 Modes for Emergency and Outdoor Use -Camping Accessories -S1000, 2022/03/11, 17.99
GearLight LED Flashlight Pack -2 Bright Zoomable Tactical Flashlights with High Lumens and 5 Modes for Emergency and Outdoor Use -Camping Accessories -S1000, 2022/03/11, 17.98
GearLight LED Flashlight Pack -2 Bright Zoomable Tactical Flashlights with High Lumens and 5 Modes for Emergency and Outdoor Use -Camping Accessories -S1000, 2022/03/11, 17.99
GearLight LED Flashlight Pack -2 Bright Zoomable Tactical Flashlights with High Lumens and 5 Modes for Emergency and Outdoor Use -Camping Accessories -S1000, 2022/03/11, 17.98
GearLight LED Flashlight Pack -2 Bright Zoomable Tactical Flashlights with High Lumens and 5 Modes for Emergency and Outdoor Use -Camping Accessories -S1000, 2022/03/11, 17.99
GearLight LED Flashlight Pack -2 Bright Zoomable Tactical Flashlights with High Lumens and 5 Modes for Emergency and Outdoor Use -Camping Accessories -S1000, 2022/03/11, 17.98
GearLight LED Flashlight Pack -2 Bright Zoomable Tactical Flashlights with High Lumens and 5 Modes for Emergency and Outdoor Use -Camping Accessories -S1000, 2022/03/11, 17.99
GearLight LED Flashlight Pack -2 Bright Zoomable Tactical Flashlights with High Lumens and 5 Modes for Emergency and Outdoor Use -Camping Accessories -S1000, 2022/03/11, 17.98
GearLight LED Flashlight Pack -2 Bright Zoomable Tactical Flashlights with High Lumens and 5 Modes for Emergency and Outdoor Use -Camping Accessories -S1000, 2022/03/11, 17.99
GearLight LED Flashlight Pack -2 Bright Zoomable Tactical Flashlights with High Lumens and 5 Modes for Emergency and Outdoor Use -Camping Accessories -S1000, 2022/03/11, 17.98
GearLight LED Flashlight Pack -2 Bright Zoomable Tactical Flashlights with High Lumens and 5 Modes for Emergency and Outdoor Use -Camping Accessories -S1000, 2022/03/11, 17.99
GearLight LED Flashlight Pack -2 Bright Zoomable Tactical Flashlights with High Lumens and 5 Modes for Emergency and Outdoor Use -Camping Accessories -S1000, 2022/03/11, 17.98
GearLight LED Flashlight Pack -2 Bright Zoomable Tactical Flashlights with High Lumens and 5 Modes for Emergency and Outdoor Use -Camping Accessories -S1000, 2022/03/11, 17.99
GearLight LED Flashlight Pack -2 Bright Zoomable Tactical Flashlights with High Lumens and 5 Modes for Emergency and Outdoor Use -Camping Accessories -S1000, 2022/03/11, 17.98
GearLight LED Flashlight Pack -2 Bright Zoomable Tactical Flashlights with High Lumens and 5 Modes for Emergency and Outdoor Use -Camping Accessories -S1000, 2022/03/11, 17.99
GearLight LED Flashlight Pack -2 Bright Zoomable Tactical Flashlights with High Lumens and 5 Modes for Emergency and Outdoor Use -Camping Accessories -S1000, 2022/03/11, 17.98
GearLight LED Flashlight Pack -2 Bright Zoomable Tactical Flashlights with High Lumens and 5 Modes for Emergency and Outdoor Use -Camping Accessories -S1000, 2022/03/11, 17.99
GearLight LED Flashlight Pack -2 Bright Zoomable Tactical Flashlights with High Lumens and 5 Modes for Emergency and Outdoor Use -Camping Accessories -S1000, 2022/03/11, 17.98
GearLight LED Flashlight Pack -2 Bright Zoomable Tactical Flashlights with High Lumens and 5 Modes for Emergency and Outdoor Use -Camping Accessories -S1000, 2022/03/11, 17.99
GearLight LED Flashlight Pack -2 Bright Zoomable Tactical Flashlights with High Lumens and 5 Modes for Emergency and Outdoor Use -Camping Accessories -S1000, 2022/03/11, 17.98
GearLight LED Flashlight Pack -2 Bright Zoomable Tactical Flashlights with High Lumens and 5 Modes for Emergency and Outdoor Use -Camping Accessories -S1000, 2022/03/11, 17.99
GearLight LED Flashlight Pack -2 Bright Zoomable Tactical Flashlights with High Lumens and 5 Modes for Emergency and Outdoor Use -Camping Accessories -S1000, 2022/03/11, 17.98
GearLight LED Flashlight Pack -2 Bright Zoomable Tactical Flashlights with High Lumens and 5 Modes for Emergency and Outdoor Use -Camping Accessories -S1000, 2022/03/11, 17.99
GearLight LED Flashlight Pack -2 Bright Zoomable Tactical Flashlights with High Lumens and 5 Modes for Emergency and Outdoor Use -Camping Accessories -S1000, 2022/03/11, 17.98
GearLight LED Flashlight Pack -2 Bright Zoomable Tactical Flashlights with High Lumens and 5 Modes for Emergency and Outdoor Use -Camping Accessories -S1000, 2022/03/11, 17.99
GearLight LED Flashlight Pack -2 Bright Zoomable Tactical Flashlights with High Lumens and 5 Modes for Emergency and Outdoor Use -Camping Accessories -S1000, 2022/03/11, 17.98
GearLight LED Flashlight Pack -2 Bright Zoomable Tactical Flashlights with High Lumens and 5 Modes for Emergency and Outdoor Use -Camping Accessories -S1000, 2022/03/11, 17.99
GearLight LED Flashlight Pack -2 Bright Zoomable Tactical Flashlights with High Lumens and 5 Modes for Emergency and Outdoor Use -Camping Accessories -S1000, 2022/03/11, 17.98
GearLight LED Flashlight Pack -2 Bright Zoomable Tactical Flashlights with High Lumens and 5 Modes for Emergency and Outdoor Use -Camping Accessories -S1000, 2022/03/11, 18.99
GearLight LED Flashlight Pack -2 Bright Zoomable Tactical Flashlights with High Lumens and 5 Modes for Emergency and Outdoor Use -Camping Accessories -S1000, 2022/03/11, 17.98
GearLight LED Flashlight Pack -2 Bright Zoomable Tactical Flashlights with High Lumens and 5 Modes for Emergency and Outdoor Use -Camping Accessories -S1000, 2022/03/11, 18.99
GearLight LED Flashlight Pack -2 Bright Zoomable Tactical Flashlights with High Lumens and 5 Modes for Emergency and Outdoor Use -Camping Accessories -S1000, 2022/03/11, 17.98
GearLight LED Flashlight Pack -2 Bright Zoomable Tactical Flashlights with High Lumens and 5 Modes for Emergency and Outdoor Use -Camping Accessories -S1000, 2022/03/11, 18.99
GearLight LED Flashlight Pack -2 Bright Zoomable Tactical Flashlights with High Lumens and 5 Modes for Emergency and Outdoor Use -Camping Accessories -S1000, 2022/03/11, 17.98
GearLight LED Flashlight Pack -2 Bright Zoomable Tactical Flashlights with High Lumens and 5 Modes for Emergency and Outdoor Use -Camping Accessories -S1000, 2022/03/11, 18.99
GearLight LED Flashlight Pack -2 Bright Zoomable Tactical Flashlights with High Lumens and 5 Modes for Emergency and Outdoor Use -Camping Accessories -S1000, 2022/03/11, 17.98
GearLight LED Flashlight Pack -2 Bright Zoomable Tactical Flashlights with High Lumens and 5 Modes for Emergency and Outdoor Use -Camping Accessories -S1000, 2022/03/11, 18.99
GearLight LED Flashlight Pack -2 Bright Zoomable Tactical Flashlights with High Lumens and 5 Modes for Emergency and Outdoor Use -Camping Accessories -S1000, 2022/03/11, 17.98
GearLight LED Flashlight Pack -2 Bright Zoomable Tactical Flashlights with High Lumens and 5 Modes for Emergency and Outdoor Use -Camping Accessories -S1000, 2022/03/11, 18.99
GearLight LED Flashlight Pack -2 Bright Zoomable Tactical Flashlights with High Lumens and 5 Modes for Emergency and Outdoor Use -Camping Accessories -S1000, 2022/03/11, 18.98
GearLight LED Flashlight Pack -2 Bright Zoomable Tactical Flashlights with High Lumens and 5 Modes for Emergency and Outdoor Use -Camping Accessories -S1000, 2022/03/11, 18.99
GearLight LED Flashlight Pack -2 Bright Zoomable Tactical Flashlights with High Lumens and 5 Modes for Emergency and Outdoor Use -Camping Accessories -S1000, 2022/03/11, 18.98
GearLight LED Flashlight Pack -2 Bright Zoomable Tactical Flashlights with High Lumens and 5 Modes for Emergency and Outdoor Use -Camping Accessories -S1000, 2022/03/11, 18.99
GearLight LED Flashlight Pack -2 Bright Zoomable Tactical Flashlights with High Lumens and 5 Modes for Emergency and Outdoor Use -Camping Accessories -S1000, 2022/03/11, 18.98
GearLight LED Flashlight Pack -2 Bright Zoomable Tactical Flashlights with High Lumens and 5 Modes for Emergency and Outdoor Use -Camping Accessories -S1000, 2022/03/11, 18.99
GearLight LED Flashlight Pack -2 Bright Zoomable Tactical Flashlights with High Lumens and 5 Modes for Emergency and Outdoor Use -Camping Accessories -S1000, 2022/03/11, 18.98
GearLight LED Flashlight Pack -2 Bright Zoomable Tactical Flashlights with High Lumens and 5 Modes for Emergency and Outdoor Use -Camping Accessories -S1000, 2022/03/11, 18.99
GearLight LED Flashlight Pack -2 Bright Zoomable Tactical Flashlights with High Lumens and 5 Modes for Emergency and Outdoor Use -Camping Accessories -S1000, 2022/03/11, 18.98
GearLight LED Flashlight Pack -2 Bright Zoomable Tactical Flashlights with High Lumens and 5 Modes for Emergency and Outdoor Use -Camping Accessories -S1000, 2022/03/11, 18.99
GearLight LED Flashlight Pack -2 Bright Zoomable Tactical Flashlights with High Lumens and 5 Modes for Emergency and Outdoor Use -Camping Accessories -S1000, 2022/03/11, 18.98
GearLight LED Flashlight Pack -2 Bright Zoomable Tactical Flashlights with High Lumens and 5 Modes for Emergency and Outdoor Use -Camping Accessories -S1000, 2022/03/11, 18.99
GearLight LED Flashlight Pack -2 Bright Zoomable Tactical Flashlights with High Lumens and 5 Modes for Emergency and Outdoor Use -Camping Accessories -S1000, 2022/03/11, 18.98
GearLight LED Flashlight Pack -2 Bright Zoomable Tactical Flashlights with High Lumens and 5 Modes for Emergency and Outdoor Use -Camping Accessories -S1000, 2022/03/11, 18.99
GearLight LED Flashlight Pack -2 Bright Zoomable Tactical Flashlights with High Lumens and 5 Modes for Emergency and Outdoor Use -Camping Accessories -S1000, 2022/03/11, 18.98
GearLight LED Flashlight Pack -2 Bright Zoomable Tactical Flashlights with High Lumens and 5 Modes for Emergency and Outdoor Use -Camping Accessories -S1000, 2022/03/11, 18.99
GearLight LED Flashlight Pack -2 Bright Zoomable Tactical Flashlights with High Lumens and 5 Modes for Emergency and Outdoor Use -Camping Accessories -S1000, 2022/03/11, 18.98
GearLight LED Flashlight Pack -2 Bright Zoomable Tactical Flashlights with High Lumens and 5 Modes for Emergency and Outdoor Use -Camping Accessories -S1000, 2022/03/11, 18.99
GearLight LED Flashlight Pack -2 Bright Zoomable Tactical Flashlights with High Lumens and 5 Modes for Emergency and Outdoor Use -Camping Accessories -S1000, 2022/03/11, 18.98
GearLight LED Flashlight Pack -2 Bright Zoomable Tactical Flashlights with High Lumens and 5 Modes for Emergency and Outdoor Use -Camping Accessories -S1000, 2022/03/11, 18.99
GearLight LED Flashlight Pack -2 Bright Zoomable Tactical Flashlights with High Lumens and 5 Modes for Emergency and Outdoor Use -Camping Accessories -S1000, 2022/03/11, 18.98
GearLight LED Flashlight Pack -2 Bright Zoomable Tactical Flashlights with High Lumens and 5 Modes for Emergency and Outdoor Use -Camping Accessories -S1000, 2022/03/11, 18.99
GearLight LED Flashlight Pack -2 Bright Zoomable Tactical Flashlights with High Lumens and 5 Modes for Emergency and Outdoor Use -Camping Accessories -S1000, 2022/03/11, 18.98
GearLight LED Flashlight Pack -2 Bright Zoomable Tactical Flashlights with High Lumens and 5 Modes for Emergency and Outdoor Use -Camping Accessories -S1000, 2022/03/11, 18.99
GearLight LED Flashlight Pack -2 Bright Zoomable Tactical Flashlights with High Lumens and 5 Modes for Emergency and Outdoor Use -Camping Accessories -S1000, 2022/03/11, 18.98
GearLight LED Flashlight Pack -2 Bright Zoomable Tactical Flashlights with High Lumens and 5 Modes for Emergency and Outdoor Use -Camping Accessories -S1000, 2022/03/11, 18.99
GearLight LED Flashlight Pack -2 Bright Zoomable Tactical Flashlights with High Lumens and 5 Modes for Emergency and Outdoor Use -Camping Accessories -S1000, 2022/03/11, 18.98
GearLight LED Flashlight Pack -2 Bright Zoomable Tactical Flashlights with High Lumens and 5 Modes for Emergency and Outdoor Use -Camping Accessories -S1000, 2022/03/11, 18.99
GearLight LED Flashlight Pack -2 Bright Zoomable Tactical Flashlights with High Lumens and 5 Modes for Emergency and Outdoor Use -Camping Accessories -S1000, 2022/03/11, 18.98
GearLight LED Flashlight Pack -2 Bright Zoomable Tactical Flashlights with High Lumens and 5 Modes for Emergency and Outdoor Use -Camping Accessories -S1000, 2022/03/11, 18.99
GearLight LED Flashlight Pack -2 Bright Zoomable Tactical Flashlights with High Lumens and 5 Modes for Emergency and Outdoor Use -Camping Accessories -S1000, 2022/03/11, 18.98
GearLight LED Flashlight Pack -2 Bright Zoomable Tactical Flashlights with High Lumens and 5 Modes for Emergency and Outdoor Use -Camping Accessories -S1000, 2022/03/11, 18.99
GearLight LED Flashlight Pack -2 Bright Zoomable Tactical Flashlights with High Lumens and 5 Modes for Emergency and Outdoor Use -Camping Accessories -S1000, 2022/03/11, 18.98
GearLight LED Flashlight Pack -2 Bright Zoomable Tactical Flashlights with High Lumens and 5 Modes for Emergency and Outdoor Use -Camping Accessories -S1000, 2022/03/11, 18.99
GearLight LED Flashlight Pack -2 Bright Zoomable Tactical Flashlights with High Lumens and 5 Modes for Emergency and Outdoor Use -Camping Accessories -S1000, 2022/03/11, 18.98
GearLight LED Flashlight Pack -2 Bright Zoomable Tactical Flashlights with High Lumens and 5 Modes for Emergency and Outdoor Use -Camping Accessories -S1000, 2022/03/11, 18.99
GearLight LED Flashlight Pack -2 Bright Zoomable Tactical Flashlights with High Lumens and 5 Modes for Emergency and Outdoor Use -Camping Accessories -S1000, 2022/03/11, 18.98
GearLight LED Flashlight Pack -2 Bright Zoomable Tactical Flashlights with High Lumens and 5 Modes for Emergency and Outdoor Use -Camping Accessories -S1000, 2022/03/11, 18.99
GearLight LED Flashlight Pack -2 Bright Zoomable Tactical Flashlights with High Lumens and 5 Modes for Emergency and Outdoor Use -Camping Accessories -S1000, 2022/03/11, 18.98
GearLight LED Flashlight Pack -2 Bright Zoomable Tactical Flashlights with High Lumens and 5 Modes for Emergency and Outdoor Use -Camping Accessories -S1000, 2022/03/11, 18.99
GearLight LED Flashlight Pack -2 Bright Zoomable Tactical Flashlights with High Lumens and 5 Modes for Emergency and Outdoor Use -Camping Accessories -S1000, 2022/03/11, 18.98
GearLight LED Flashlight Pack -2 Bright Zoomable Tactical Flashlights with High Lumens and 5 Modes for Emergency and Outdoor Use -Camping Accessories -S1000, 2022/03/11, 18.99
GearLight LED Flashlight Pack -2 Bright Zoomable Tactical Flashlights with High Lumens and 5 Modes for Emergency and Outdoor Use -Camping Accessories -S1000, 2022/03/11, 18.98
GearLight LED Flashlight Pack -2 Bright Zoomable Tactical Flashlights with High Lumens and 5 Modes for Emergency and Outdoor Use -Camping Accessories -S1000, 2022/03/11, 18.99
GearLight LED Flashlight Pack -2 Bright Zoomable Tactical Flashlights with High Lumens and 5 Modes for Emergency and Outdoor Use -Camping Accessories -S1000, 2022/03/11, 18.98
GearLight LED Flashlight Pack -2 Bright Zoomable Tactical Flashlights with High Lumens and 5 Modes for Emergency and Outdoor Use -Camping Accessories -S1000, 2022/03/11, 18.99
GearLight LED Flashlight Pack -2 Bright Zoomable Tactical Flashlights with High Lumens and 5 Modes for Emergency and Outdoor Use -Camping Accessories -S1000, 2022/03/11, 18.98
GearLight LED Flashlight Pack -2 Bright Zoomable Tactical Flashlights with High Lumens and 5 Modes for Emergency and Outdoor Use -Camping Accessories -S1000, 2022/03/11, 18.99
GearLight LED Flashlight Pack -2 Bright Zoomable Tactical Flashlights with High Lumens and 5 Modes for Emergency and Outdoor Use -Camping Accessories -S1000, 2022/03/11, 18.98
GearLight LED Flashlight Pack -2 Bright Zoomable Tactical Flashlights with High Lumens and 5 Modes for Emergency and Outdoor Use -Camping Accessories -S1000, 2022/03/11, 18.99
GearLight LED Flashlight Pack -2 Bright Zoomable Tactical Flashlights with High Lumens and 5 Modes for Emergency and Outdoor Use -Camping Accessories -S1000, 2022/03/11, 18.98
GearLight LED Flashlight Pack -2 Bright Zoomable Tactical Flashlights with High Lumens and 5 Modes for Emergency and Outdoor Use -Camping Accessories -S1000, 2022/03/11, 18.99
GearLight LED Flashlight Pack -2 Bright Zoomable Tactical Flashlights with High Lumens and 5 Modes for Emergency and Outdoor Use -Camping Accessories -S1000, 2022/03/11, 18.98
GearLight LED Flashlight Pack -2 Bright Zoomable Tactical Flashlights with High Lumens and 5 Modes for Emergency and Outdoor Use -Camping Accessories -S1000, 2022/03/11, 18.99
GearLight LED Flashlight Pack -2 Bright Zoomable Tactical Flashlights with High Lumens and 5 Modes for Emergency and Outdoor Use -Camping Accessories -S1000, 2022/03/11, 18.98
GearLight LED Flashlight Pack -2 Bright Zoomable Tactical Flashlights with High Lumens and 5 Modes for Emergency and Outdoor Use -Camping Accessories -S1000, 2022/03/11, 18.99
GearLight LED Flashlight Pack -2 Bright Zoomable Tactical Flashlights with High Lumens and 5 Modes for Emergency and Outdoor Use -Camping Accessories -S1000, 2022/03/11, 18.98
GearLight LED Flashlight Pack -2 Bright Zoomable Tactical Flashlights with High Lumens and 5 Modes for Emergency and Outdoor Use -Camping Accessories -S1000, 2022/03/11, 18.99
GearLight LED Flashlight Pack -2 Bright Zoomable Tactical Flashlights with High Lumens and 5 Modes for Emergency and Outdoor Use -Camping Accessories -S1000, 2022/03/11, 18.98
GearLight LED Flashlight Pack -2 Bright Zoomable Tactical Flashlights with High Lumens and 5 Modes for Emergency and Outdoor Use -Camping Accessories -S1000, 2022/03/11, 18.99
GearLight LED Flashlight Pack -2 Bright Zoomable Tactical Flashlights with High Lumens and 5 Modes for Emergency and Outdoor Use -Camping Accessories -S1000, 2022/03/11, 18.98
GearLight LED Flashlight Pack -2 Bright Zoomable Tactical Flashlights with High Lumens and 5 Modes for Emergency and Outdoor Use -Camping Accessories -S1000, 2022/03/11, 18.99
GearLight LED Flashlight Pack -2 Bright Zoomable Tactical Flashlights with High Lumens and 5 Modes for Emergency and Outdoor Use -Camping Accessories -S1000, 2022/03/11, 18.98
GearLight LED Flashlight Pack -2 Bright Zoomable Tactical Flashlights with High Lumens and 5 Modes for Emergency and Outdoor Use -Camping Accessories -S1000, 2022/03/11, 18.99
GearLight LED Flashlight Pack -2 Bright Zoomable Tactical Flashlights with High Lumens and 5 Modes for Emergency and Outdoor Use -Camping Accessories -S1000, 2022/03/11, 18.98
GearLight LED Flashlight Pack -2 Bright Zoomable Tactical Flashlights with High Lumens and 5 Modes for Emergency and Outdoor Use -Camping Accessories -S1000, 2022/03/11, 18.99
GearLight LED Flashlight Pack -2 Bright Zoomable Tactical Flashlights with High Lumens and 5 Modes for Emergency and Outdoor Use -Camping Accessories -S1000, 2022/03/11, 18.98
GearLight LED Flashlight Pack -2 Bright Zoomable Tactical Flashlights with High Lumens and 5 Modes for Emergency and Outdoor Use -Camping Accessories -S1000, 2022/03/11, 18.99
GearLight LED Flashlight Pack -2 Bright Zoomable Tactical Flashlights with High Lumens and 5 Modes for Emergency and Outdoor Use -Camping Accessories -S1000, 2022/03/11, 19.99
GearLight LED Flashlight Pack -2 Bright Zoomable Tactical Flashlights with High Lumens and 5 Modes for Emergency and Outdoor Use -Camping Accessories -S1000, 2022/03/11, 18.98
GearLight LED Flashlight Pack -2 Bright Zoomable Tactical Flashlights with High Lumens and 5 Modes for Emergency and Outdoor Use -Camping Accessories -S1000, 2022/03/11, 19.99
GearLight LED Flashlight Pack -2 Bright Zoomable Tactical Flashlights with High Lumens and 5 Modes for Emergency and Outdoor Use -Camping Accessories -S1000, 2022/03/11, 18.98
GearLight LED Flashlight Pack -2 Bright Zoomable Tactical Flashlights with High Lumens and 5 Modes for Emergency and Outdoor Use -Camping Accessories -S1000, 2022/03/11, 19.99
GearLight LED Flashlight Pack -2 Bright Zoomable Tactical Flashlights with High Lumens and 5 Modes for Emergency and Outdoor Use -Camping Accessories -S1000, 2022/03/11, 18.98
GearLight LED Flashlight Pack -2 Bright Zoomable Tactical Flashlights with High Lumens and 5 Modes for Emergency and Outdoor Use -Camping Accessories -S1000, 2022/03/11, 19.99
GearLight LED Flashlight Pack -2 Bright Zoomable Tactical Flashlights with High Lumens and 5 Modes for Emergency and Outdoor Use -Camping Accessories -S1000, 2022/03/11, 18.98
GearLight LED Flashlight Pack -2 Bright Zoomable Tactical Flashlights with High Lumens and 5 Modes for Emergency and Outdoor Use -Camping Accessories -S1000, 2022/03/11, 19.99
GearLight LED Flashlight Pack -2 Bright Zoomable Tactical Flashlights with High Lumens and 5 Modes for Emergency and Outdoor Use -Camping Accessories -S1000, 2022/03/11, 18.98
GearLight LED Flashlight Pack -2 Bright Zoomable Tactical Flashlights with High Lumens and 5 Modes for Emergency and Outdoor Use -Camping Accessories -S1000, 2022/03/11, 19.99
GearLight LED Flashlight Pack -2 Bright Zoomable Tactical Flashlights with High Lumens and 5 Modes for Emergency and Outdoor Use -Camping Accessories -S1000, 2022/03/11, 18.98
GearLight LED Flashlight Pack -2 Bright Zoomable Tactical Flashlights with High Lumens and 5 Modes for Emergency and Outdoor Use -Camping Accessories -S1000, 2022/03/11, 19.99
GearLight LED Flashlight Pack -2 Bright Zoomable Tactical Flashlights with High Lumens and 5 Modes for Emergency and Outdoor Use -Camping Accessories -S1000, 2022/03/11, 18.98
GearLight LED Flashlight Pack -2 Bright Zoomable Tactical Flashlights with High Lumens and 5 Modes for Emergency and Outdoor Use -Camping Accessories -S1000, 2022/03/11, 19.99
GearLight LED Flashlight Pack -2 Bright Zoomable Tactical Flashlights with High Lumens and 5 Modes for Emergency and Outdoor Use -Camping Accessories -S1000, 2022/03/11, 18.98
GearLight LED Flashlight Pack -2 Bright Zoomable Tactical Flashlights with High Lumens and 5 Modes for Emergency and Outdoor Use -Camping Accessories -S1000, 2022/03/11, 19.99
GearLight LED Flashlight Pack -2 Bright Zoomable Tactical Flashlights with High Lumens and 5 Modes for Emergency and Outdoor Use -Camping Accessories -S1000, 2022/03/11, 18.98
GearLight LED Flashlight Pack -2 Bright Zoomable Tactical Flashlights with High Lumens and 5 Modes for Emergency and Outdoor Use -Camping Accessories -S1000, 2022/03/11, 19.99
GearLight LED Flashlight Pack -2 Bright Zoomable Tactical Flashlights with High Lumens and 5 Modes for Emergency and Outdoor Use -Camping Accessories -S1000, 2022/03/11, 18.98
GearLight LED Flashlight Pack -2 Bright Zoomable Tactical Flashlights with High Lumens and 5 Modes for Emergency and Outdoor Use -Camping Accessories -S1000, 2022/03/11, 19.99
GearLight LED Flashlight Pack -2 Bright Zoomable Tactical Flashlights with High Lumens and 5 Modes for Emergency and Outdoor Use -Camping Accessories -S1000, 2022/03/11, 18.98
GearLight LED Flashlight Pack -2 Bright Zoomable Tactical Flashlights with High Lumens and 5 Modes for Emergency and Outdoor Use -Camping Accessories -S1000, 2022/03/11, 19.99
GearLight LED Flashlight Pack -2 Bright Zoomable Tactical Flashlights with High Lumens and 5 Modes for Emergency and Outdoor Use -Camping Accessories -S1000, 2022/03/11, 18.98
GearLight LED Flashlight Pack -2 Bright Zoomable Tactical Flashlights with High Lumens and 5 Modes for Emergency and Outdoor Use -Camping Accessories -S1000, 2022/03/11, 19.99
GearLight LED Flashlight Pack -2 Bright Zoomable Tactical Flashlights with High Lumens and 5 Modes for Emergency and Outdoor Use -Camping Accessories -S1000, 2022/03/11, 17.99
GearLight LED Flashlight Pack -2 Bright Zoomable Tactical Flashlights with High Lumens and 5 Modes for Emergency and Outdoor Use -Camping Accessories -S1000, 2022/03/11, 19.99
GearLight LED Flashlight Pack -2 Bright Zoomable Tactical Flashlights with High Lumens and 5 Modes for Emergency and Outdoor Use -Camping Accessories -S1000, 2022/03/11, 17.99
GearLight LED Flashlight Pack -2 Bright Zoomable Tactical Flashlights with High Lumens and 5 Modes for Emergency and Outdoor Use -Camping Accessories -S1000, 2022/03/11, 19.99
GearLight LED Flashlight Pack -2 Bright Zoomable Tactical Flashlights with High Lumens and 5 Modes for Emergency and Outdoor Use -Camping Accessories -S1000, 2022/03/11, 18.99
GearLight LED Flashlight Pack -2 Bright Zoomable Tactical Flashlights with High Lumens and 5 Modes for Emergency and Outdoor Use -Camping Accessories -S1000, 2022/03/11, 16.99
GearLight LED Flashlight Pack -2 Bright Zoomable Tactical Flashlights with High Lumens and 5 Modes for Emergency and Outdoor Use -Camping Accessories -S1000, 2022/03/11, 18.99
GearLight LED Flashlight Pack -2 Bright Zoomable Tactical Flashlights with High Lumens and 5 Modes for Emergency and Outdoor Use -Camping Accessories -S1000, 2022/03/11, 16.99
GearLight LED Flashlight Pack -2 Bright Zoomable Tactical Flashlights with High Lumens and 5 Modes for Emergency and Outdoor Use -Camping Accessories -S1000, 2022/03/11, 18.99
GearLight LED Flashlight Pack -2 Bright Zoomable Tactical Flashlights with High Lumens and 5 Modes for Emergency and Outdoor Use -Camping Accessories -S1000, 2022/03/11, 16.99
GearLight LED Flashlight Pack -2 Bright Zoomable Tactical Flashlights with High Lumens and 5 Modes for Emergency and Outdoor Use -Camping Accessories -S1000, 2022/03/11, 18.99
GearLight LED Flashlight Pack -2 Bright Zoomable Tactical Flashlights with High Lumens and 5 Modes for Emergency and Outdoor Use -Camping Accessories -S1000, 2022/03/11, 16.99
GearLight LED Flashlight Pack -2 Bright Zoomable Tactical Flashlights with High Lumens and 5 Modes for Emergency and Outdoor Use -Camping Accessories -S1000, 2022/03/11, 18.99
GearLight LED Flashlight Pack -2 Bright Zoomable Tactical Flashlights with High Lumens and 5 Modes for Emergency and Outdoor Use -Camping Accessories -S1000, 2022/03/11, 16.99
GearLight LED Flashlight Pack -2 Bright Zoomable Tactical Flashlights with High Lumens and 5 Modes for Emergency and Outdoor Use -Camping Accessories -S1000, 2022/03/11, 18.99
GearLight LED Flashlight Pack -2 Bright Zoomable Tactical Flashlights with High Lumens and 5 Modes for Emergency and Outdoor Use -Camping Accessories -S1000, 2022/03/11, 16.99
GearLight LED Flashlight Pack -2 Bright Zoomable Tactical Flashlights with High Lumens and 5 Modes for Emergency and Outdoor Use -Camping Accessories -S1000, 2022/03/11, 18.99
GearLight LED Flashlight Pack -2 Bright Zoomable Tactical Flashlights with High Lumens and 5 Modes for Emergency and Outdoor Use -Camping Accessories -S1000, 2022/03/11, 16.99
GearLight LED Flashlight Pack -2 Bright Zoomable Tactical Flashlights with High Lumens and 5 Modes for Emergency and Outdoor Use -Camping Accessories -S1000, 2022/03/11, 18.99
GearLight LED Flashlight Pack -2 Bright Zoomable Tactical Flashlights with High Lumens and 5 Modes for Emergency and Outdoor Use -Camping Accessories -S1000, 2022/03/11, 16.99
GearLight LED Flashlight Pack -2 Bright Zoomable Tactical Flashlights with High Lumens and 5 Modes for Emergency and Outdoor Use -Camping Accessories -S1000, 2022/03/11, 18.99
GearLight LED Flashlight Pack -2 Bright Zoomable Tactical Flashlights with High Lumens and 5 Modes for Emergency and Outdoor Use -Camping Accessories -S1000, 2022/03/11, -0.01
GearLight LED Flashlight Pack -2 Bright Zoomable Tactical Flashlights with High Lumens and 5 Modes for Emergency and Outdoor Use -Camping Accessories -S1000, 2022/03/11, 18.99
GearLight LED Flashlight Pack -2 Bright Zoomable Tactical Flashlights with High Lumens and 5 Modes for Emergency and Outdoor Use -Camping Accessories -S1000, 2022/03/11, 19.99
GearLight LED Flashlight Pack -2 Bright Zoomable Tactical Flashlights with High Lumens and 5 Modes for Emergency and Outdoor Use -Camping Accessories -S1000, 2022/03/11, 18.99
GearLight LED Flashlight Pack -2 Bright Zoomable Tactical Flashlights with High Lumens and 5 Modes for Emergency and Outdoor Use -Camping Accessories -S1000, 2022/03/11, 19.99
GearLight LED Flashlight Pack -2 Bright Zoomable Tactical Flashlights with High Lumens and 5 Modes for Emergency and Outdoor Use -Camping Accessories -S1000, 2022/03/11, 18.99
GearLight LED Flashlight Pack -2 Bright Zoomable Tactical Flashlights with High Lumens and 5 Modes for Emergency and Outdoor Use -Camping Accessories -S1000, 2022/03/11, 19.99
GearLight LED Flashlight Pack -2 Bright Zoomable Tactical Flashlights with High Lumens and 5 Modes for Emergency and Outdoor Use -Camping Accessories -S1000, 2022/03/11, 18.99
GearLight LED Flashlight Pack -2 Bright Zoomable Tactical Flashlights with High Lumens and 5 Modes for Emergency and Outdoor Use -Camping Accessories -S1000, 2022/03/11, 19.99
GearLight LED Flashlight Pack -2 Bright Zoomable Tactical Flashlights with High Lumens and 5 Modes for Emergency and Outdoor Use -Camping Accessories -S1000, 2022/03/11, 18.99
GearLight LED Flashlight Pack -2 Bright Zoomable Tactical Flashlights with High Lumens and 5 Modes for Emergency and Outdoor Use -Camping Accessories -S1000, 2022/03/11, 19.99
GearLight LED Flashlight Pack -2 Bright Zoomable Tactical Flashlights with High Lumens and 5 Modes for Emergency and Outdoor Use -Camping Accessories -S1000, 2022/03/11, 20.99
GearLight LED Flashlight Pack -2 Bright Zoomable Tactical Flashlights with High Lumens and 5 Modes for Emergency and Outdoor Use -Camping Accessories -S1000, 2022/03/11, 21.99
GearLight LED Flashlight Pack -2 Bright Zoomable Tactical Flashlights with High Lumens and 5 Modes for Emergency and Outdoor Use -Camping Accessories -S1000, 2022/03/11, 22.99
GearLight LED Flashlight Pack -2 Bright Zoomable Tactical Flashlights with High Lumens and 5 Modes for Emergency and Outdoor Use -Camping Accessories -S1000, 2022/03/11, 21.99
GearLight LED Flashlight Pack -2 Bright Zoomable Tactical Flashlights with High Lumens and 5 Modes for Emergency and Outdoor Use -Camping Accessories -S1000, 2022/03/11, 22.99
GearLight LED Flashlight Pack -2 Bright Zoomable Tactical Flashlights with High Lumens and 5 Modes for Emergency and Outdoor Use -Camping Accessories -S1000, 2022/03/11, 23.99
GearLight LED Flashlight Pack -2 Bright Zoomable Tactical Flashlights with High Lumens and 5 Modes for Emergency and Outdoor Use -Camping Accessories -S1000, 2022/03/11, 21.99
GearLight LED Flashlight Pack -2 Bright Zoomable Tactical Flashlights with High Lumens and 5 Modes for Emergency and Outdoor Use -Camping Accessories -S1000, 2022/03/11, 23.99
GearLight LED Flashlight Pack -2 Bright Zoomable Tactical Flashlights with High Lumens and 5 Modes for Emergency and Outdoor Use -Camping Accessories -S1000, 2022/03/11, 24.99
GearLight LED Flashlight Pack -2 Bright Zoomable Tactical Flashlights with High Lumens and 5 Modes for Emergency and Outdoor Use -Camping Accessories -S1000, 2022/03/11, 25.99
GearLight LED Flashlight Pack -2 Bright Zoomable Tactical Flashlights with High Lumens and 5 Modes for Emergency and Outdoor Use -Camping Accessories -S1000, 2022/03/11, 24.99
GearLight LED Flashlight Pack -2 Bright Zoomable Tactical Flashlights with High Lumens and 5 Modes for Emergency and Outdoor Use -Camping Accessories -S1000, 2022/03/11, 21.99
GearLight LED Flashlight Pack -2 Bright Zoomable Tactical Flashlights with High Lumens and 5 Modes for Emergency and Outdoor Use -Camping Accessories -S1000, 2022/03/11, 24.99
GearLight LED Flashlight Pack -2 Bright Zoomable Tactical Flashlights with High Lumens and 5 Modes for Emergency and Outdoor Use -Camping Accessories -S1000, 2022/03/11, 18.95
GearLight LED Flashlight Pack -2 Bright Zoomable Tactical Flashlights with High Lumens and 5 Modes for Emergency and Outdoor Use -Camping Accessories -S1000, 2022/03/11, 15.95
GearLight LED Flashlight Pack -2 Bright Zoomable Tactical Flashlights with High Lumens and 5 Modes for Emergency and Outdoor Use -Camping Accessories -S1000, 2022/03/11, 14.95
GearLight LED Flashlight Pack -2 Bright Zoomable Tactical Flashlights with High Lumens and 5 Modes for Emergency and Outdoor Use -Camping Accessories -S1000, 2022/03/11, 24.99
GearLight LED Flashlight Pack -2 Bright Zoomable Tactical Flashlights with High Lumens and 5 Modes for Emergency and Outdoor Use -Camping Accessories -S1000, 2022/03/11, 21.99
GearLight LED Flashlight Pack -2 Bright Zoomable Tactical Flashlights with High Lumens and 5 Modes for Emergency and Outdoor Use -Camping Accessories -S1000, 2022/03/11, 24.99
GearLight LED Flashlight Pack -2 Bright Zoomable Tactical Flashlights with High Lumens and 5 Modes for Emergency and Outdoor Use -Camping Accessories -S1000, 2022/03/11, 21.99
GearLight LED Flashlight Pack -2 Bright Zoomable Tactical Flashlights with High Lumens and 5 Modes for Emergency and Outdoor Use -Camping Accessories -S1000, 2022/03/11, 24.99
GearLight LED Flashlight Pack -2 Bright Zoomable Tactical Flashlights with High Lumens and 5 Modes for Emergency and Outdoor Use -Camping Accessories -S1000, 2022/03/11, -0.01
GearLight LED Flashlight Pack -2 Bright Zoomable Tactical Flashlights with High Lumens and 5 Modes for Emergency and Outdoor Use -Camping Accessories -S1000, 2022/03/11, 24.99
GearLight LED Flashlight Pack -2 Bright Zoomable Tactical Flashlights with High Lumens and 5 Modes for Emergency and Outdoor Use -Camping Accessories -S1000, 2022/03/11, -0.01
GearLight LED Flashlight Pack -2 Bright Zoomable Tactical Flashlights with High Lumens and 5 Modes for Emergency and Outdoor Use -Camping Accessories -S1000, 2022/03/11, 24.99
GearLight LED Flashlight Pack -2 Bright Zoomable Tactical Flashlights with High Lumens and 5 Modes for Emergency and Outdoor Use -Camping Accessories -S1000, 2022/03/11, -0.01
GearLight LED Flashlight Pack -2 Bright Zoomable Tactical Flashlights with High Lumens and 5 Modes for Emergency and Outdoor Use -Camping Accessories -S1000, 2022/03/11, 24.99
GearLight LED Flashlight Pack -2 Bright Zoomable Tactical Flashlights with High Lumens and 5 Modes for Emergency and Outdoor Use -Camping Accessories -S1000, 2022/03/11, -0.01
GearLight LED Flashlight Pack -2 Bright Zoomable Tactical Flashlights with High Lumens and 5 Modes for Emergency and Outdoor Use -Camping Accessories -S1000, 2022/03/11, 24.99
GearLight LED Flashlight Pack -2 Bright Zoomable Tactical Flashlights with High Lumens and 5 Modes for Emergency and Outdoor Use -Camping Accessories -S1000, 2022/03/11, -0.01
GearLight LED Flashlight Pack -2 Bright Zoomable Tactical Flashlights with High Lumens and 5 Modes for Emergency and Outdoor Use -Camping Accessories -S1000, 2022/03/11, 24.99
GearLight LED Flashlight Pack -2 Bright Zoomable Tactical Flashlights with High Lumens and 5 Modes for Emergency and Outdoor Use -Camping Accessories -S1000, 2022/03/11, -0.01
GearLight LED Flashlight Pack -2 Bright Zoomable Tactical Flashlights with High Lumens and 5 Modes for Emergency and Outdoor Use -Camping Accessories -S1000, 2022/03/11, 24.99
GearLight LED Flashlight Pack -2 Bright Zoomable Tactical Flashlights with High Lumens and 5 Modes for Emergency and Outdoor Use -Camping Accessories -S1000, 2022/03/11, -0.01
GearLight LED Flashlight Pack -2 Bright Zoomable Tactical Flashlights with High Lumens and 5 Modes for Emergency and Outdoor Use -Camping Accessories -S1000, 2022/03/11, 24.99
GearLight LED Flashlight Pack -2 Bright Zoomable Tactical Flashlights with High Lumens and 5 Modes for Emergency and Outdoor Use -Camping Accessories -S1000, 2022/03/11, -0.01
GearLight LED Flashlight Pack -2 Bright Zoomable Tactical Flashlights with High Lumens and 5 Modes for Emergency and Outdoor Use -Camping Accessories -S1000, 2022/03/11, 24.99
GearLight LED Flashlight Pack -2 Bright Zoomable Tactical Flashlights with High Lumens and 5 Modes for Emergency and Outdoor Use -Camping Accessories -S1000, 2022/03/11, -0.01
GearLight LED Flashlight Pack -2 Bright Zoomable Tactical Flashlights with High Lumens and 5 Modes for Emergency and Outdoor Use -Camping Accessories -S1000, 2022/03/11, 24.99
GearLight LED Flashlight Pack -2 Bright Zoomable Tactical Flashlights with High Lumens and 5 Modes for Emergency and Outdoor Use -Camping Accessories -S1000, 2022/03/11, -0.01
GearLight LED Flashlight Pack -2 Bright Zoomable Tactical Flashlights with High Lumens and 5 Modes for Emergency and Outdoor Use -Camping Accessories -S1000, 2022/03/11, 24.99
GearLight LED Flashlight Pack -2 Bright Zoomable Tactical Flashlights with High Lumens and 5 Modes for Emergency and Outdoor Use -Camping Accessories -S1000, 2022/03/11, -0.01
GearLight LED Flashlight Pack -2 Bright Zoomable Tactical Flashlights with High Lumens and 5 Modes for Emergency and Outdoor Use -Camping Accessories -S1000, 2022/03/11, 24.99
GearLight LED Flashlight Pack -2 Bright Zoomable Tactical Flashlights with High Lumens and 5 Modes for Emergency and Outdoor Use -Camping Accessories -S1000, 2022/03/11, 19.99
GearLight LED Flashlight Pack -2 Bright Zoomable Tactical Flashlights with High Lumens and 5 Modes for Emergency and Outdoor Use -Camping Accessories -S1000, 2022/03/11, -0.01
GearLight LED Flashlight Pack -2 Bright Zoomable Tactical Flashlights with High Lumens and 5 Modes for Emergency and Outdoor Use -Camping Accessories -S1000, 2022/03/11, 19.99
GearLight LED Flashlight Pack -2 Bright Zoomable Tactical Flashlights with High Lumens and 5 Modes for Emergency and Outdoor Use -Camping Accessories -S1000, 2022/03/11, 21.99
GearLight LED Flashlight Pack -2 Bright Zoomable Tactical Flashlights with High Lumens and 5 Modes for Emergency and Outdoor Use -Camping Accessories -S1000, 2022/03/11, -0.01
GearLight LED Flashlight Pack -2 Bright Zoomable Tactical Flashlights with High Lumens and 5 Modes for Emergency and Outdoor Use -Camping Accessories -S1000, 2022/03/11, 21.99
GearLight LED Flashlight Pack -2 Bright Zoomable Tactical Flashlights with High Lumens and 5 Modes for Emergency and Outdoor Use -Camping Accessories -S1000, 2022/03/11, -0.01
GearLight LED Flashlight Pack -2 Bright Zoomable Tactical Flashlights with High Lumens and 5 Modes for Emergency and Outdoor Use -Camping Accessories -S1000, 2022/03/11, 21.99
IMALENT MS18 Brightest Flashlight 100000 Lumens LED Flashlight Uses 18pcs Cree XHP70.2 LEDs Powerful Torch Long Throw Up to 1350 Meters with OLED Display and Built-in Cooling Tools, 2022/03/11, 669.95
IMALENT MS18 Brightest Flashlight 100000 Lumens LED Flashlight Uses 18pcs Cree XHP70.2 LEDs Powerful Torch Long Throw Up to 1350 Meters with OLED Display and Built-in Cooling Tools, 2022/03/11, -0.01
IMALENT MS18 Brightest Flashlight 100000 Lumens LED Flashlight Uses 18pcs Cree XHP70.2 LEDs Powerful Torch Long Throw Up to 1350 Meters with OLED Display and Built-in Cooling Tools, 2022/03/11, 669.95
IMALENT MS18 Brightest Flashlight 100000 Lumens LED Flashlight Uses 18pcs Cree XHP70.2 LEDs Powerful Torch Long Throw Up to 1350 Meters with OLED Display and Built-in Cooling Tools, 2022/03/11, 667.95
IMALENT MS18 Brightest Flashlight 100000 Lumens LED Flashlight Uses 18pcs Cree XHP70.2 LEDs Powerful Torch Long Throw Up to 1350 Meters with OLED Display and Built-in Cooling Tools, 2022/03/11, 669.95
IMALENT MS18 Brightest Flashlight 100000 Lumens LED Flashlight Uses 18pcs Cree XHP70.2 LEDs Powerful Torch Long Throw Up to 1350 Meters with OLED Display and Built-in Cooling Tools, 2022/03/11, 664.91
IMALENT MS18 Brightest Flashlight 100000 Lumens LED Flashlight Uses 18pcs Cree XHP70.2 LEDs Powerful Torch Long Throw Up to 1350 Meters with OLED Display and Built-in Cooling Tools, 2022/03/11, 669.95
IMALENT MS18 Brightest Flashlight 100000 Lumens LED Flashlight Uses 18pcs Cree XHP70.2 LEDs Powerful Torch Long Throw Up to 1350 Meters with OLED Display and Built-in Cooling Tools, 2022/03/11, -0.01
IMALENT MS18 Brightest Flashlight 100000 Lumens LED Flashlight Uses 18pcs Cree XHP70.2 LEDs Powerful Torch Long Throw Up to 1350 Meters with OLED Display and Built-in Cooling Tools, 2022/03/11, 669.95
IMALENT MS18 Brightest Flashlight 100000 Lumens LED Flashlight Uses 18pcs Cree XHP70.2 LEDs Powerful Torch Long Throw Up to 1350 Meters with OLED Display and Built-in Cooling Tools, 2022/03/11, 569.45
IMALENT MS18 Brightest Flashlight 100000 Lumens LED Flashlight Uses 18pcs Cree XHP70.2 LEDs Powerful Torch Long Throw Up to 1350 Meters with OLED Display and Built-in Cooling Tools, 2022/03/11, 669.95
IMALENT MS18 Brightest Flashlight 100000 Lumens LED Flashlight Uses 18pcs Cree XHP70.2 LEDs Powerful Torch Long Throw Up to 1350 Meters with OLED Display and Built-in Cooling Tools, 2022/03/11, -0.01
IMALENT MS18 Brightest Flashlight 100000 Lumens LED Flashlight Uses 18pcs Cree XHP70.2 LEDs Powerful Torch Long Throw Up to 1350 Meters with OLED Display and Built-in Cooling Tools, 2022/03/11, 669.95
IMALENT MS18 Brightest Flashlight 100000 Lumens LED Flashlight Uses 18pcs Cree XHP70.2 LEDs Powerful Torch Long Throw Up to 1350 Meters with OLED Display and Built-in Cooling Tools, 2022/03/11, -0.01
IMALENT MS18 Brightest Flashlight 100000 Lumens LED Flashlight Uses 18pcs Cree XHP70.2 LEDs Powerful Torch Long Throw Up to 1350 Meters with OLED Display and Built-in Cooling Tools, 2022/03/11, 669.95
IMALENT MS18 Brightest Flashlight 100000 Lumens LED Flashlight Uses 18pcs Cree XHP70.2 LEDs Powerful Torch Long Throw Up to 1350 Meters with OLED Display and Built-in Cooling Tools, 2022/03/11, -0.01
IMALENT MS18 Brightest Flashlight 100000 Lumens LED Flashlight Uses 18pcs Cree XHP70.2 LEDs Powerful Torch Long Throw Up to 1350 Meters with OLED Display and Built-in Cooling Tools, 2022/03/11, 669.95
IMALENT MS18 Brightest Flashlight 100000 Lumens LED Flashlight Uses 18pcs Cree XHP70.2 LEDs Powerful Torch Long Throw Up to 1350 Meters with OLED Display and Built-in Cooling Tools, 2022/03/11, 665.9
IMALENT MS18 Brightest Flashlight 100000 Lumens LED Flashlight Uses 18pcs Cree XHP70.2 LEDs Powerful Torch Long Throw Up to 1350 Meters with OLED Display and Built-in Cooling Tools, 2022/03/11, 669.95
IMALENT MS18 Brightest Flashlight 100000 Lumens LED Flashlight Uses 18pcs Cree XHP70.2 LEDs Powerful Torch Long Throw Up to 1350 Meters with OLED Display and Built-in Cooling Tools, 2022/03/11, 665.9
IMALENT MS18 Brightest Flashlight 100000 Lumens LED Flashlight Uses 18pcs Cree XHP70.2 LEDs Powerful Torch Long Throw Up to 1350 Meters with OLED Display and Built-in Cooling Tools, 2022/03/11, 669.95
IMALENT MS18 Brightest Flashlight 100000 Lumens LED Flashlight Uses 18pcs Cree XHP70.2 LEDs Powerful Torch Long Throw Up to 1350 Meters with OLED Display and Built-in Cooling Tools, 2022/03/11, 665.9
IMALENT MS18 Brightest Flashlight 100000 Lumens LED Flashlight Uses 18pcs Cree XHP70.2 LEDs Powerful Torch Long Throw Up to 1350 Meters with OLED Display and Built-in Cooling Tools, 2022/03/11, 669.95
IMALENT MS18 Brightest Flashlight 100000 Lumens LED Flashlight Uses 18pcs Cree XHP70.2 LEDs Powerful Torch Long Throw Up to 1350 Meters with OLED Display and Built-in Cooling Tools, 2022/03/11, 665.95
IMALENT MS18 Brightest Flashlight 100000 Lumens LED Flashlight Uses 18pcs Cree XHP70.2 LEDs Powerful Torch Long Throw Up to 1350 Meters with OLED Display and Built-in Cooling Tools, 2022/03/11, 669.95
IMALENT MS18 Brightest Flashlight 100000 Lumens LED Flashlight Uses 18pcs Cree XHP70.2 LEDs Powerful Torch Long Throw Up to 1350 Meters with OLED Display and Built-in Cooling Tools, 2022/03/11, 665.95
IMALENT MS18 Brightest Flashlight 100000 Lumens LED Flashlight Uses 18pcs Cree XHP70.2 LEDs Powerful Torch Long Throw Up to 1350 Meters with OLED Display and Built-in Cooling Tools, 2022/03/11, 669.95
IMALENT MS18 Brightest Flashlight 100000 Lumens LED Flashlight Uses 18pcs Cree XHP70.2 LEDs Powerful Torch Long Throw Up to 1350 Meters with OLED Display and Built-in Cooling Tools, 2022/03/11, 665.95
IMALENT MS18 Brightest Flashlight 100000 Lumens LED Flashlight Uses 18pcs Cree XHP70.2 LEDs Powerful Torch Long Throw Up to 1350 Meters with OLED Display and Built-in Cooling Tools, 2022/03/11, 669.95
IMALENT MS18 Brightest Flashlight 100000 Lumens LED Flashlight Uses 18pcs Cree XHP70.2 LEDs Powerful Torch Long Throw Up to 1350 Meters with OLED Display and Built-in Cooling Tools, 2022/03/11, 665.95
IMALENT MS18 Brightest Flashlight 100000 Lumens LED Flashlight Uses 18pcs Cree XHP70.2 LEDs Powerful Torch Long Throw Up to 1350 Meters with OLED Display and Built-in Cooling Tools, 2022/03/11, 669.95
IMALENT MS18 Brightest Flashlight 100000 Lumens LED Flashlight Uses 18pcs Cree XHP70.2 LEDs Powerful Torch Long Throw Up to 1350 Meters with OLED Display and Built-in Cooling Tools, 2022/03/11, 665.95
IMALENT MS18 Brightest Flashlight 100000 Lumens LED Flashlight Uses 18pcs Cree XHP70.2 LEDs Powerful Torch Long Throw Up to 1350 Meters with OLED Display and Built-in Cooling Tools, 2022/03/11, 669.95
IMALENT MS18 Brightest Flashlight 100000 Lumens LED Flashlight Uses 18pcs Cree XHP70.2 LEDs Powerful Torch Long Throw Up to 1350 Meters with OLED Display and Built-in Cooling Tools, 2022/03/11, 665.95
IMALENT MS18 Brightest Flashlight 100000 Lumens LED Flashlight Uses 18pcs Cree XHP70.2 LEDs Powerful Torch Long Throw Up to 1350 Meters with OLED Display and Built-in Cooling Tools, 2022/03/11, 669.95
IMALENT MS18 Brightest Flashlight 100000 Lumens LED Flashlight Uses 18pcs Cree XHP70.2 LEDs Powerful Torch Long Throw Up to 1350 Meters with OLED Display and Built-in Cooling Tools, 2022/03/11, 665.95
IMALENT MS18 Brightest Flashlight 100000 Lumens LED Flashlight Uses 18pcs Cree XHP70.2 LEDs Powerful Torch Long Throw Up to 1350 Meters with OLED Display and Built-in Cooling Tools, 2022/03/11, 669.95
IMALENT MS18 Brightest Flashlight 100000 Lumens LED Flashlight Uses 18pcs Cree XHP70.2 LEDs Powerful Torch Long Throw Up to 1350 Meters with OLED Display and Built-in Cooling Tools, 2022/03/11, 665.95
IMALENT MS18 Brightest Flashlight 100000 Lumens LED Flashlight Uses 18pcs Cree XHP70.2 LEDs Powerful Torch Long Throw Up to 1350 Meters with OLED Display and Built-in Cooling Tools, 2022/03/11, 655.95
IMALENT MS18 Brightest Flashlight 100000 Lumens LED Flashlight Uses 18pcs Cree XHP70.2 LEDs Powerful Torch Long Throw Up to 1350 Meters with OLED Display and Built-in Cooling Tools, 2022/03/11, 669.95
IMALENT MS18 Brightest Flashlight 100000 Lumens LED Flashlight Uses 18pcs Cree XHP70.2 LEDs Powerful Torch Long Throw Up to 1350 Meters with OLED Display and Built-in Cooling Tools, 2022/03/11, 599.0
IMALENT MS18 Brightest Flashlight 100000 Lumens LED Flashlight Uses 18pcs Cree XHP70.2 LEDs Powerful Torch Long Throw Up to 1350 Meters with OLED Display and Built-in Cooling Tools, 2022/03/11, 669.95
IMALENT MS18 Brightest Flashlight 100000 Lumens LED Flashlight Uses 18pcs Cree XHP70.2 LEDs Powerful Torch Long Throw Up to 1350 Meters with OLED Display and Built-in Cooling Tools, 2022/03/11, 569.45
IMALENT MS18 Brightest Flashlight 100000 Lumens LED Flashlight Uses 18pcs Cree XHP70.2 LEDs Powerful Torch Long Throw Up to 1350 Meters with OLED Display and Built-in Cooling Tools, 2022/03/11, 669.95
IMALENT MS18 Brightest Flashlight 100000 Lumens LED Flashlight Uses 18pcs Cree XHP70.2 LEDs Powerful Torch Long Throw Up to 1350 Meters with OLED Display and Built-in Cooling Tools, 2022/03/11, -0.01
IMALENT MS18 Brightest Flashlight 100000 Lumens LED Flashlight Uses 18pcs Cree XHP70.2 LEDs Powerful Torch Long Throw Up to 1350 Meters with OLED Display and Built-in Cooling Tools, 2022/03/11, 669.95
IMALENT MS18 Brightest Flashlight 100000 Lumens LED Flashlight Uses 18pcs Cree XHP70.2 LEDs Powerful Torch Long Throw Up to 1350 Meters with OLED Display and Built-in Cooling Tools, 2022/03/11, -0.01
IMALENT MS18 Brightest Flashlight 100000 Lumens LED Flashlight Uses 18pcs Cree XHP70.2 LEDs Powerful Torch Long Throw Up to 1350 Meters with OLED Display and Built-in Cooling Tools, 2022/03/11, 669.95
IMALENT MS18 Brightest Flashlight 100000 Lumens LED Flashlight Uses 18pcs Cree XHP70.2 LEDs Powerful Torch Long Throw Up to 1350 Meters with OLED Display and Built-in Cooling Tools, 2022/03/11, 569.45
IMALENT MS18 Brightest Flashlight 100000 Lumens LED Flashlight Uses 18pcs Cree XHP70.2 LEDs Powerful Torch Long Throw Up to 1350 Meters with OLED Display and Built-in Cooling Tools, 2022/03/11, -0.01
IMALENT MS18 Brightest Flashlight 100000 Lumens LED Flashlight Uses 18pcs Cree XHP70.2 LEDs Powerful Torch Long Throw Up to 1350 Meters with OLED Display and Built-in Cooling Tools, 2022/03/11, 569.45
IMALENT MS18 Brightest Flashlight 100000 Lumens LED Flashlight Uses 18pcs Cree XHP70.2 LEDs Powerful Torch Long Throw Up to 1350 Meters with OLED Display and Built-in Cooling Tools, 2022/03/11, 669.95
IMALENT MS18 Brightest Flashlight 100000 Lumens LED Flashlight Uses 18pcs Cree XHP70.2 LEDs Powerful Torch Long Throw Up to 1350 Meters with OLED Display and Built-in Cooling Tools, 2022/03/11, 569.45
IMALENT MS18 Brightest Flashlight 100000 Lumens LED Flashlight Uses 18pcs Cree XHP70.2 LEDs Powerful Torch Long Throw Up to 1350 Meters with OLED Display and Built-in Cooling Tools, 2022/03/11, 669.95
IMALENT MS18 Brightest Flashlight 100000 Lumens LED Flashlight Uses 18pcs Cree XHP70.2 LEDs Powerful Torch Long Throw Up to 1350 Meters with OLED Display and Built-in Cooling Tools, 2022/03/11, -0.01
IMALENT MS18 Brightest Flashlight 100000 Lumens LED Flashlight Uses 18pcs Cree XHP70.2 LEDs Powerful Torch Long Throw Up to 1350 Meters with OLED Display and Built-in Cooling Tools, 2022/03/11, 669.95
IMALENT MS18 Brightest Flashlight 100000 Lumens LED Flashlight Uses 18pcs Cree XHP70.2 LEDs Powerful Torch Long Throw Up to 1350 Meters with OLED Display and Built-in Cooling Tools, 2022/03/11, -0.01
IMALENT MS18 Brightest Flashlight 100000 Lumens LED Flashlight Uses 18pcs Cree XHP70.2 LEDs Powerful Torch Long Throw Up to 1350 Meters with OLED Display and Built-in Cooling Tools, 2022/03/11, 669.95
IMALENT MS18 Brightest Flashlight 100000 Lumens LED Flashlight Uses 18pcs Cree XHP70.2 LEDs Powerful Torch Long Throw Up to 1350 Meters with OLED Display and Built-in Cooling Tools, 2022/03/11, -0.01
IMALENT MS18 Brightest Flashlight 100000 Lumens LED Flashlight Uses 18pcs Cree XHP70.2 LEDs Powerful Torch Long Throw Up to 1350 Meters with OLED Display and Built-in Cooling Tools, 2022/03/11, 669.95
IMALENT MS18 Brightest Flashlight 100000 Lumens LED Flashlight Uses 18pcs Cree XHP70.2 LEDs Powerful Torch Long Throw Up to 1350 Meters with OLED Display and Built-in Cooling Tools, 2022/03/11, -0.01
IMALENT MS18 Brightest Flashlight 100000 Lumens LED Flashlight Uses 18pcs Cree XHP70.2 LEDs Powerful Torch Long Throw Up to 1350 Meters with OLED Display and Built-in Cooling Tools, 2022/03/11, 669.95
IMALENT MS18 Brightest Flashlight 100000 Lumens LED Flashlight Uses 18pcs Cree XHP70.2 LEDs Powerful Torch Long Throw Up to 1350 Meters with OLED Display and Built-in Cooling Tools, 2022/03/11, -0.01
IMALENT MS18 Brightest Flashlight 100000 Lumens LED Flashlight Uses 18pcs Cree XHP70.2 LEDs Powerful Torch Long Throw Up to 1350 Meters with OLED Display and Built-in Cooling Tools, 2022/03/11, 669.95
IMALENT MS18 Brightest Flashlight 100000 Lumens LED Flashlight Uses 18pcs Cree XHP70.2 LEDs Powerful Torch Long Throw Up to 1350 Meters with OLED Display and Built-in Cooling Tools, 2022/03/11, -0.01
IMALENT MS18 Brightest Flashlight 100000 Lumens LED Flashlight Uses 18pcs Cree XHP70.2 LEDs Powerful Torch Long Throw Up to 1350 Meters with OLED Display and Built-in Cooling Tools, 2022/03/11, 669.95
IMALENT MS18 Brightest Flashlight 100000 Lumens LED Flashlight Uses 18pcs Cree XHP70.2 LEDs Powerful Torch Long Throw Up to 1350 Meters with OLED Display and Built-in Cooling Tools, 2022/03/11, -0.01
IMALENT MS18 Brightest Flashlight 100000 Lumens LED Flashlight Uses 18pcs Cree XHP70.2 LEDs Powerful Torch Long Throw Up to 1350 Meters with OLED Display and Built-in Cooling Tools, 2022/03/11, 669.95
IMALENT MS18 Brightest Flashlight 100000 Lumens LED Flashlight Uses 18pcs Cree XHP70.2 LEDs Powerful Torch Long Throw Up to 1350 Meters with OLED Display and Built-in Cooling Tools, 2022/03/11, -0.01
IMALENT MS18 Brightest Flashlight 100000 Lumens LED Flashlight Uses 18pcs Cree XHP70.2 LEDs Powerful Torch Long Throw Up to 1350 Meters with OLED Display and Built-in Cooling Tools, 2022/03/11, 669.95
IMALENT MS18 Brightest Flashlight 100000 Lumens LED Flashlight Uses 18pcs Cree XHP70.2 LEDs Powerful Torch Long Throw Up to 1350 Meters with OLED Display and Built-in Cooling Tools, 2022/03/11, -0.01
IMALENT MS18 Brightest Flashlight 100000 Lumens LED Flashlight Uses 18pcs Cree XHP70.2 LEDs Powerful Torch Long Throw Up to 1350 Meters with OLED Display and Built-in Cooling Tools, 2022/03/11, 669.95
IMALENT MS18 Brightest Flashlight 100000 Lumens LED Flashlight Uses 18pcs Cree XHP70.2 LEDs Powerful Torch Long Throw Up to 1350 Meters with OLED Display and Built-in Cooling Tools, 2022/03/11, -0.01
IMALENT MS18 Brightest Flashlight 100000 Lumens LED Flashlight Uses 18pcs Cree XHP70.2 LEDs Powerful Torch Long Throw Up to 1350 Meters with OLED Display and Built-in Cooling Tools, 2022/03/11, 669.95
IMALENT MS18 Brightest Flashlight 100000 Lumens LED Flashlight Uses 18pcs Cree XHP70.2 LEDs Powerful Torch Long Throw Up to 1350 Meters with OLED Display and Built-in Cooling Tools, 2022/03/11, -0.01
IMALENT MS18 Brightest Flashlight 100000 Lumens LED Flashlight Uses 18pcs Cree XHP70.2 LEDs Powerful Torch Long Throw Up to 1350 Meters with OLED Display and Built-in Cooling Tools, 2022/03/11, 669.95
IMALENT MS18 Brightest Flashlight 100000 Lumens LED Flashlight Uses 18pcs Cree XHP70.2 LEDs Powerful Torch Long Throw Up to 1350 Meters with OLED Display and Built-in Cooling Tools, 2022/03/11, 629.99
IMALENT MS18 Brightest Flashlight 100000 Lumens LED Flashlight Uses 18pcs Cree XHP70.2 LEDs Powerful Torch Long Throw Up to 1350 Meters with OLED Display and Built-in Cooling Tools, 2022/03/11, 669.95
IMALENT MS18 Brightest Flashlight 100000 Lumens LED Flashlight Uses 18pcs Cree XHP70.2 LEDs Powerful Torch Long Throw Up to 1350 Meters with OLED Display and Built-in Cooling Tools, 2022/03/11, -0.01
IMALENT MS18 Brightest Flashlight 100000 Lumens LED Flashlight Uses 18pcs Cree XHP70.2 LEDs Powerful Torch Long Throw Up to 1350 Meters with OLED Display and Built-in Cooling Tools, 2022/03/11, 669.95
IMALENT MS18 Brightest Flashlight 100000 Lumens LED Flashlight Uses 18pcs Cree XHP70.2 LEDs Powerful Torch Long Throw Up to 1350 Meters with OLED Display and Built-in Cooling Tools, 2022/03/11, -0.01
IMALENT MS18 Brightest Flashlight 100000 Lumens LED Flashlight Uses 18pcs Cree XHP70.2 LEDs Powerful Torch Long Throw Up to 1350 Meters with OLED Display and Built-in Cooling Tools, 2022/03/11, 669.95
