INIU Portable Charger USB C Slimmest Triple 3A High-Speed 10000mAh Phone Power Bank Flashlight External Battery Pack Compatible with iPhone 13 12 11 X Samsung S20 Google LG iPad etc [2022 Version], 2020/02/10,17.835
INIU Portable Charger USB C Slimmest Triple 3A High-Speed 10000mAh Phone Power Bank Flashlight External Battery Pack Compatible with iPhone 13 12 11 X Samsung S20 Google LG iPad etc [2022 Version], 2020/02/16,19.99
INIU Portable Charger USB C Slimmest Triple 3A High-Speed 10000mAh Phone Power Bank Flashlight External Battery Pack Compatible with iPhone 13 12 11 X Samsung S20 Google LG iPad etc [2022 Version], 2020/02/25,17.99
INIU Portable Charger USB C Slimmest Triple 3A High-Speed 10000mAh Phone Power Bank Flashlight External Battery Pack Compatible with iPhone 13 12 11 X Samsung S20 Google LG iPad etc [2022 Version], 2020/03/10,16.99
INIU Portable Charger USB C Slimmest Triple 3A High-Speed 10000mAh Phone Power Bank Flashlight External Battery Pack Compatible with iPhone 13 12 11 X Samsung S20 Google LG iPad etc [2022 Version], 2020/03/16,16.99
INIU Portable Charger USB C Slimmest Triple 3A High-Speed 10000mAh Phone Power Bank Flashlight External Battery Pack Compatible with iPhone 13 12 11 X Samsung S20 Google LG iPad etc [2022 Version], 2020/05/13,17.99
INIU Portable Charger USB C Slimmest Triple 3A High-Speed 10000mAh Phone Power Bank Flashlight External Battery Pack Compatible with iPhone 13 12 11 X Samsung S20 Google LG iPad etc [2022 Version], 2020/05/15,16.99
INIU Portable Charger USB C Slimmest Triple 3A High-Speed 10000mAh Phone Power Bank Flashlight External Battery Pack Compatible with iPhone 13 12 11 X Samsung S20 Google LG iPad etc [2022 Version], 2020/06/08,14.44
INIU Portable Charger USB C Slimmest Triple 3A High-Speed 10000mAh Phone Power Bank Flashlight External Battery Pack Compatible with iPhone 13 12 11 X Samsung S20 Google LG iPad etc [2022 Version], 2020/06/09,16.99
INIU Portable Charger USB C Slimmest Triple 3A High-Speed 10000mAh Phone Power Bank Flashlight External Battery Pack Compatible with iPhone 13 12 11 X Samsung S20 Google LG iPad etc [2022 Version], 2020/06/22,16.99
INIU Portable Charger USB C Slimmest Triple 3A High-Speed 10000mAh Phone Power Bank Flashlight External Battery Pack Compatible with iPhone 13 12 11 X Samsung S20 Google LG iPad etc [2022 Version], 2020/07/12,17.99
INIU Portable Charger USB C Slimmest Triple 3A High-Speed 10000mAh Phone Power Bank Flashlight External Battery Pack Compatible with iPhone 13 12 11 X Samsung S20 Google LG iPad etc [2022 Version], 2020/07/13,18.323333333333334
INIU Portable Charger USB C Slimmest Triple 3A High-Speed 10000mAh Phone Power Bank Flashlight External Battery Pack Compatible with iPhone 13 12 11 X Samsung S20 Google LG iPad etc [2022 Version], 2020/07/15,16.99
INIU Portable Charger USB C Slimmest Triple 3A High-Speed 10000mAh Phone Power Bank Flashlight External Battery Pack Compatible with iPhone 13 12 11 X Samsung S20 Google LG iPad etc [2022 Version], 2020/07/24,16.99
INIU Portable Charger USB C Slimmest Triple 3A High-Speed 10000mAh Phone Power Bank Flashlight External Battery Pack Compatible with iPhone 13 12 11 X Samsung S20 Google LG iPad etc [2022 Version], 2020/08/10,14.44
INIU Portable Charger USB C Slimmest Triple 3A High-Speed 10000mAh Phone Power Bank Flashlight External Battery Pack Compatible with iPhone 13 12 11 X Samsung S20 Google LG iPad etc [2022 Version], 2020/08/13,14.44
INIU Portable Charger USB C Slimmest Triple 3A High-Speed 10000mAh Phone Power Bank Flashlight External Battery Pack Compatible with iPhone 13 12 11 X Samsung S20 Google LG iPad etc [2022 Version], 2020/08/17,16.99
INIU Portable Charger USB C Slimmest Triple 3A High-Speed 10000mAh Phone Power Bank Flashlight External Battery Pack Compatible with iPhone 13 12 11 X Samsung S20 Google LG iPad etc [2022 Version], 2020/09/11,14.99
INIU Portable Charger USB C Slimmest Triple 3A High-Speed 10000mAh Phone Power Bank Flashlight External Battery Pack Compatible with iPhone 13 12 11 X Samsung S20 Google LG iPad etc [2022 Version], 2020/09/21,12.27
INIU Portable Charger USB C Slimmest Triple 3A High-Speed 10000mAh Phone Power Bank Flashlight External Battery Pack Compatible with iPhone 13 12 11 X Samsung S20 Google LG iPad etc [2022 Version], 2020/09/28,14.99
INIU Portable Charger USB C Slimmest Triple 3A High-Speed 10000mAh Phone Power Bank Flashlight External Battery Pack Compatible with iPhone 13 12 11 X Samsung S20 Google LG iPad etc [2022 Version], 2020/10/21,16.99
INIU Portable Charger USB C Slimmest Triple 3A High-Speed 10000mAh Phone Power Bank Flashlight External Battery Pack Compatible with iPhone 13 12 11 X Samsung S20 Google LG iPad etc [2022 Version], 2020/12/06,17.99
INIU Portable Charger USB C Slimmest Triple 3A High-Speed 10000mAh Phone Power Bank Flashlight External Battery Pack Compatible with iPhone 13 12 11 X Samsung S20 Google LG iPad etc [2022 Version], 2020/12/07,19.99
