CLIF BARS - Energy Bars - Peanut Butter Banana with Dark Chocolate - Made with Organic Oats - Plant Based Food - Vegetarian - Kosher (2.4 Ounce Protein Bars 12 Pack) Packaging May Vary, 2021/01/01,10.69
CLIF BARS - Energy Bars - Peanut Butter Banana with Dark Chocolate - Made with Organic Oats - Plant Based Food - Vegetarian - Kosher (2.4 Ounce Protein Bars 12 Pack) Packaging May Vary, 2021/01/02,11.28
CLIF BARS - Energy Bars - Peanut Butter Banana with Dark Chocolate - Made with Organic Oats - Plant Based Food - Vegetarian - Kosher (2.4 Ounce Protein Bars 12 Pack) Packaging May Vary, 2021/01/08,10.985
CLIF BARS - Energy Bars - Peanut Butter Banana with Dark Chocolate - Made with Organic Oats - Plant Based Food - Vegetarian - Kosher (2.4 Ounce Protein Bars 12 Pack) Packaging May Vary, 2021/01/09,10.985
CLIF BARS - Energy Bars - Peanut Butter Banana with Dark Chocolate - Made with Organic Oats - Plant Based Food - Vegetarian - Kosher (2.4 Ounce Protein Bars 12 Pack) Packaging May Vary, 2021/01/10,10.69
CLIF BARS - Energy Bars - Peanut Butter Banana with Dark Chocolate - Made with Organic Oats - Plant Based Food - Vegetarian - Kosher (2.4 Ounce Protein Bars 12 Pack) Packaging May Vary, 2021/01/11,11.28
CLIF BARS - Energy Bars - Peanut Butter Banana with Dark Chocolate - Made with Organic Oats - Plant Based Food - Vegetarian - Kosher (2.4 Ounce Protein Bars 12 Pack) Packaging May Vary, 2021/01/12,10.985
CLIF BARS - Energy Bars - Peanut Butter Banana with Dark Chocolate - Made with Organic Oats - Plant Based Food - Vegetarian - Kosher (2.4 Ounce Protein Bars 12 Pack) Packaging May Vary, 2021/01/14,10.985
CLIF BARS - Energy Bars - Peanut Butter Banana with Dark Chocolate - Made with Organic Oats - Plant Based Food - Vegetarian - Kosher (2.4 Ounce Protein Bars 12 Pack) Packaging May Vary, 2021/01/15,10.985
CLIF BARS - Energy Bars - Peanut Butter Banana with Dark Chocolate - Made with Organic Oats - Plant Based Food - Vegetarian - Kosher (2.4 Ounce Protein Bars 12 Pack) Packaging May Vary, 2021/01/16,14.25
CLIF BARS - Energy Bars - Peanut Butter Banana with Dark Chocolate - Made with Organic Oats - Plant Based Food - Vegetarian - Kosher (2.4 Ounce Protein Bars 12 Pack) Packaging May Vary, 2021/01/17,14.34
CLIF BARS - Energy Bars - Peanut Butter Banana with Dark Chocolate - Made with Organic Oats - Plant Based Food - Vegetarian - Kosher (2.4 Ounce Protein Bars 12 Pack) Packaging May Vary, 2021/01/18,14.01
CLIF BARS - Energy Bars - Peanut Butter Banana with Dark Chocolate - Made with Organic Oats - Plant Based Food - Vegetarian - Kosher (2.4 Ounce Protein Bars 12 Pack) Packaging May Vary, 2021/01/19,14.317499999999999
CLIF BARS - Energy Bars - Peanut Butter Banana with Dark Chocolate - Made with Organic Oats - Plant Based Food - Vegetarian - Kosher (2.4 Ounce Protein Bars 12 Pack) Packaging May Vary, 2021/01/20,13.775714285714285
CLIF BARS - Energy Bars - Peanut Butter Banana with Dark Chocolate - Made with Organic Oats - Plant Based Food - Vegetarian - Kosher (2.4 Ounce Protein Bars 12 Pack) Packaging May Vary, 2021/01/21,13.424000000000001
CLIF BARS - Energy Bars - Peanut Butter Banana with Dark Chocolate - Made with Organic Oats - Plant Based Food - Vegetarian - Kosher (2.4 Ounce Protein Bars 12 Pack) Packaging May Vary, 2021/01/22,13.26
CLIF BARS - Energy Bars - Peanut Butter Banana with Dark Chocolate - Made with Organic Oats - Plant Based Food - Vegetarian - Kosher (2.4 Ounce Protein Bars 12 Pack) Packaging May Vary, 2021/01/23,13.174999999999999
CLIF BARS - Energy Bars - Peanut Butter Banana with Dark Chocolate - Made with Organic Oats - Plant Based Food - Vegetarian - Kosher (2.4 Ounce Protein Bars 12 Pack) Packaging May Vary, 2021/01/27,13.51
CLIF BARS - Energy Bars - Peanut Butter Banana with Dark Chocolate - Made with Organic Oats - Plant Based Food - Vegetarian - Kosher (2.4 Ounce Protein Bars 12 Pack) Packaging May Vary, 2021/01/29,13.504999999999999
CLIF BARS - Energy Bars - Peanut Butter Banana with Dark Chocolate - Made with Organic Oats - Plant Based Food - Vegetarian - Kosher (2.4 Ounce Protein Bars 12 Pack) Packaging May Vary, 2021/01/30,13.32
CLIF BARS - Energy Bars - Peanut Butter Banana with Dark Chocolate - Made with Organic Oats - Plant Based Food - Vegetarian - Kosher (2.4 Ounce Protein Bars 12 Pack) Packaging May Vary, 2021/01/31,13.212
CLIF BARS - Energy Bars - Peanut Butter Banana with Dark Chocolate - Made with Organic Oats - Plant Based Food - Vegetarian - Kosher (2.4 Ounce Protein Bars 12 Pack) Packaging May Vary, 2021/02/01,13.79
CLIF BARS - Energy Bars - Peanut Butter Banana with Dark Chocolate - Made with Organic Oats - Plant Based Food - Vegetarian - Kosher (2.4 Ounce Protein Bars 12 Pack) Packaging May Vary, 2021/02/02,13.774999999999999
CLIF BARS - Energy Bars - Peanut Butter Banana with Dark Chocolate - Made with Organic Oats - Plant Based Food - Vegetarian - Kosher (2.4 Ounce Protein Bars 12 Pack) Packaging May Vary, 2021/02/03,13.76
CLIF BARS - Energy Bars - Peanut Butter Banana with Dark Chocolate - Made with Organic Oats - Plant Based Food - Vegetarian - Kosher (2.4 Ounce Protein Bars 12 Pack) Packaging May Vary, 2021/02/04,14.200000000000001
CLIF BARS - Energy Bars - Peanut Butter Banana with Dark Chocolate - Made with Organic Oats - Plant Based Food - Vegetarian - Kosher (2.4 Ounce Protein Bars 12 Pack) Packaging May Vary, 2021/02/05,13.986666666666666
CLIF BARS - Energy Bars - Peanut Butter Banana with Dark Chocolate - Made with Organic Oats - Plant Based Food - Vegetarian - Kosher (2.4 Ounce Protein Bars 12 Pack) Packaging May Vary, 2021/02/06,13.4125
CLIF BARS - Energy Bars - Peanut Butter Banana with Dark Chocolate - Made with Organic Oats - Plant Based Food - Vegetarian - Kosher (2.4 Ounce Protein Bars 12 Pack) Packaging May Vary, 2021/02/07,13.26
CLIF BARS - Energy Bars - Peanut Butter Banana with Dark Chocolate - Made with Organic Oats - Plant Based Food - Vegetarian - Kosher (2.4 Ounce Protein Bars 12 Pack) Packaging May Vary, 2021/02/08,13.045
CLIF BARS - Energy Bars - Peanut Butter Banana with Dark Chocolate - Made with Organic Oats - Plant Based Food - Vegetarian - Kosher (2.4 Ounce Protein Bars 12 Pack) Packaging May Vary, 2021/02/09,12.915000000000001
CLIF BARS - Energy Bars - Peanut Butter Banana with Dark Chocolate - Made with Organic Oats - Plant Based Food - Vegetarian - Kosher (2.4 Ounce Protein Bars 12 Pack) Packaging May Vary, 2021/02/10,12.792
CLIF BARS - Energy Bars - Peanut Butter Banana with Dark Chocolate - Made with Organic Oats - Plant Based Food - Vegetarian - Kosher (2.4 Ounce Protein Bars 12 Pack) Packaging May Vary, 2021/02/11,13.3425
CLIF BARS - Energy Bars - Peanut Butter Banana with Dark Chocolate - Made with Organic Oats - Plant Based Food - Vegetarian - Kosher (2.4 Ounce Protein Bars 12 Pack) Packaging May Vary, 2021/02/12,13.215000000000002
CLIF BARS - Energy Bars - Peanut Butter Banana with Dark Chocolate - Made with Organic Oats - Plant Based Food - Vegetarian - Kosher (2.4 Ounce Protein Bars 12 Pack) Packaging May Vary, 2021/02/13,13.04142857142857
CLIF BARS - Energy Bars - Peanut Butter Banana with Dark Chocolate - Made with Organic Oats - Plant Based Food - Vegetarian - Kosher (2.4 Ounce Protein Bars 12 Pack) Packaging May Vary, 2021/02/15,13.153333333333334
CLIF BARS - Energy Bars - Peanut Butter Banana with Dark Chocolate - Made with Organic Oats - Plant Based Food - Vegetarian - Kosher (2.4 Ounce Protein Bars 12 Pack) Packaging May Vary, 2021/02/16,13.223333333333334
CLIF BARS - Energy Bars - Peanut Butter Banana with Dark Chocolate - Made with Organic Oats - Plant Based Food - Vegetarian - Kosher (2.4 Ounce Protein Bars 12 Pack) Packaging May Vary, 2021/02/17,13.3
CLIF BARS - Energy Bars - Peanut Butter Banana with Dark Chocolate - Made with Organic Oats - Plant Based Food - Vegetarian - Kosher (2.4 Ounce Protein Bars 12 Pack) Packaging May Vary, 2021/02/18,13.567499999999999
CLIF BARS - Energy Bars - Peanut Butter Banana with Dark Chocolate - Made with Organic Oats - Plant Based Food - Vegetarian - Kosher (2.4 Ounce Protein Bars 12 Pack) Packaging May Vary, 2021/02/19,13.762
CLIF BARS - Energy Bars - Peanut Butter Banana with Dark Chocolate - Made with Organic Oats - Plant Based Food - Vegetarian - Kosher (2.4 Ounce Protein Bars 12 Pack) Packaging May Vary, 2021/02/20,13.693333333333333
CLIF BARS - Energy Bars - Peanut Butter Banana with Dark Chocolate - Made with Organic Oats - Plant Based Food - Vegetarian - Kosher (2.4 Ounce Protein Bars 12 Pack) Packaging May Vary, 2021/02/21,13.65
CLIF BARS - Energy Bars - Peanut Butter Banana with Dark Chocolate - Made with Organic Oats - Plant Based Food - Vegetarian - Kosher (2.4 Ounce Protein Bars 12 Pack) Packaging May Vary, 2021/02/22,13.620000000000001
CLIF BARS - Energy Bars - Peanut Butter Banana with Dark Chocolate - Made with Organic Oats - Plant Based Food - Vegetarian - Kosher (2.4 Ounce Protein Bars 12 Pack) Packaging May Vary, 2021/02/26,13.595
CLIF BARS - Energy Bars - Peanut Butter Banana with Dark Chocolate - Made with Organic Oats - Plant Based Food - Vegetarian - Kosher (2.4 Ounce Protein Bars 12 Pack) Packaging May Vary, 2021/02/27,15.809999999999999
CLIF BARS - Energy Bars - Peanut Butter Banana with Dark Chocolate - Made with Organic Oats - Plant Based Food - Vegetarian - Kosher (2.4 Ounce Protein Bars 12 Pack) Packaging May Vary, 2021/02/28,15.3575
CLIF BARS - Energy Bars - Peanut Butter Banana with Dark Chocolate - Made with Organic Oats - Plant Based Food - Vegetarian - Kosher (2.4 Ounce Protein Bars 12 Pack) Packaging May Vary, 2021/03/01,15.690000000000001
CLIF BARS - Energy Bars - Peanut Butter Banana with Dark Chocolate - Made with Organic Oats - Plant Based Food - Vegetarian - Kosher (2.4 Ounce Protein Bars 12 Pack) Packaging May Vary, 2021/03/02,16.8
CLIF BARS - Energy Bars - Peanut Butter Banana with Dark Chocolate - Made with Organic Oats - Plant Based Food - Vegetarian - Kosher (2.4 Ounce Protein Bars 12 Pack) Packaging May Vary, 2021/03/03,18.63
CLIF BARS - Energy Bars - Peanut Butter Banana with Dark Chocolate - Made with Organic Oats - Plant Based Food - Vegetarian - Kosher (2.4 Ounce Protein Bars 12 Pack) Packaging May Vary, 2021/03/04,17.157500000000002
CLIF BARS - Energy Bars - Peanut Butter Banana with Dark Chocolate - Made with Organic Oats - Plant Based Food - Vegetarian - Kosher (2.4 Ounce Protein Bars 12 Pack) Packaging May Vary, 2021/03/05,18.716666666666665
CLIF BARS - Energy Bars - Peanut Butter Banana with Dark Chocolate - Made with Organic Oats - Plant Based Food - Vegetarian - Kosher (2.4 Ounce Protein Bars 12 Pack) Packaging May Vary, 2021/03/06,18.3
CLIF BARS - Energy Bars - Peanut Butter Banana with Dark Chocolate - Made with Organic Oats - Plant Based Food - Vegetarian - Kosher (2.4 Ounce Protein Bars 12 Pack) Packaging May Vary, 2021/03/07,18.25
CLIF BARS - Energy Bars - Peanut Butter Banana with Dark Chocolate - Made with Organic Oats - Plant Based Food - Vegetarian - Kosher (2.4 Ounce Protein Bars 12 Pack) Packaging May Vary, 2021/03/08,14.79
CLIF BARS - Energy Bars - Peanut Butter Banana with Dark Chocolate - Made with Organic Oats - Plant Based Food - Vegetarian - Kosher (2.4 Ounce Protein Bars 12 Pack) Packaging May Vary, 2021/03/09,18.29
CLIF BARS - Energy Bars - Peanut Butter Banana with Dark Chocolate - Made with Organic Oats - Plant Based Food - Vegetarian - Kosher (2.4 Ounce Protein Bars 12 Pack) Packaging May Vary, 2021/03/10,18.25666666666667
CLIF BARS - Energy Bars - Peanut Butter Banana with Dark Chocolate - Made with Organic Oats - Plant Based Food - Vegetarian - Kosher (2.4 Ounce Protein Bars 12 Pack) Packaging May Vary, 2021/03/11,18.2025
CLIF BARS - Energy Bars - Peanut Butter Banana with Dark Chocolate - Made with Organic Oats - Plant Based Food - Vegetarian - Kosher (2.4 Ounce Protein Bars 12 Pack) Packaging May Vary, 2021/03/12,17.99
CLIF BARS - Energy Bars - Peanut Butter Banana with Dark Chocolate - Made with Organic Oats - Plant Based Food - Vegetarian - Kosher (2.4 Ounce Protein Bars 12 Pack) Packaging May Vary, 2021/03/13,11.28
CLIF BARS - Energy Bars - Peanut Butter Banana with Dark Chocolate - Made with Organic Oats - Plant Based Food - Vegetarian - Kosher (2.4 Ounce Protein Bars 12 Pack) Packaging May Vary, 2021/03/15,20.49
CLIF BARS - Energy Bars - Peanut Butter Banana with Dark Chocolate - Made with Organic Oats - Plant Based Food - Vegetarian - Kosher (2.4 Ounce Protein Bars 12 Pack) Packaging May Vary, 2021/03/16,20.895
CLIF BARS - Energy Bars - Peanut Butter Banana with Dark Chocolate - Made with Organic Oats - Plant Based Food - Vegetarian - Kosher (2.4 Ounce Protein Bars 12 Pack) Packaging May Vary, 2021/03/17,20.97
CLIF BARS - Energy Bars - Peanut Butter Banana with Dark Chocolate - Made with Organic Oats - Plant Based Food - Vegetarian - Kosher (2.4 Ounce Protein Bars 12 Pack) Packaging May Vary, 2021/03/18,24.99
CLIF BARS - Energy Bars - Peanut Butter Banana with Dark Chocolate - Made with Organic Oats - Plant Based Food - Vegetarian - Kosher (2.4 Ounce Protein Bars 12 Pack) Packaging May Vary, 2021/03/19,22.99
CLIF BARS - Energy Bars - Peanut Butter Banana with Dark Chocolate - Made with Organic Oats - Plant Based Food - Vegetarian - Kosher (2.4 Ounce Protein Bars 12 Pack) Packaging May Vary, 2021/03/21,24.04
CLIF BARS - Energy Bars - Peanut Butter Banana with Dark Chocolate - Made with Organic Oats - Plant Based Food - Vegetarian - Kosher (2.4 Ounce Protein Bars 12 Pack) Packaging May Vary, 2021/03/22,24.985
CLIF BARS - Energy Bars - Peanut Butter Banana with Dark Chocolate - Made with Organic Oats - Plant Based Food - Vegetarian - Kosher (2.4 Ounce Protein Bars 12 Pack) Packaging May Vary, 2021/03/23,19.43
CLIF BARS - Energy Bars - Peanut Butter Banana with Dark Chocolate - Made with Organic Oats - Plant Based Food - Vegetarian - Kosher (2.4 Ounce Protein Bars 12 Pack) Packaging May Vary, 2021/03/24,19.08
CLIF BARS - Energy Bars - Peanut Butter Banana with Dark Chocolate - Made with Organic Oats - Plant Based Food - Vegetarian - Kosher (2.4 Ounce Protein Bars 12 Pack) Packaging May Vary, 2021/03/25,19.0
CLIF BARS - Energy Bars - Peanut Butter Banana with Dark Chocolate - Made with Organic Oats - Plant Based Food - Vegetarian - Kosher (2.4 Ounce Protein Bars 12 Pack) Packaging May Vary, 2021/03/26,20.99
CLIF BARS - Energy Bars - Peanut Butter Banana with Dark Chocolate - Made with Organic Oats - Plant Based Food - Vegetarian - Kosher (2.4 Ounce Protein Bars 12 Pack) Packaging May Vary, 2021/03/28,20.619999999999997
CLIF BARS - Energy Bars - Peanut Butter Banana with Dark Chocolate - Made with Organic Oats - Plant Based Food - Vegetarian - Kosher (2.4 Ounce Protein Bars 12 Pack) Packaging May Vary, 2021/03/29,20.244999999999997
CLIF BARS - Energy Bars - Peanut Butter Banana with Dark Chocolate - Made with Organic Oats - Plant Based Food - Vegetarian - Kosher (2.4 Ounce Protein Bars 12 Pack) Packaging May Vary, 2021/03/30,20.475
CLIF BARS - Energy Bars - Peanut Butter Banana with Dark Chocolate - Made with Organic Oats - Plant Based Food - Vegetarian - Kosher (2.4 Ounce Protein Bars 12 Pack) Packaging May Vary, 2021/03/31,20.430000000000003
CLIF BARS - Energy Bars - Peanut Butter Banana with Dark Chocolate - Made with Organic Oats - Plant Based Food - Vegetarian - Kosher (2.4 Ounce Protein Bars 12 Pack) Packaging May Vary, 2021/04/01,20.244999999999997
CLIF BARS - Energy Bars - Peanut Butter Banana with Dark Chocolate - Made with Organic Oats - Plant Based Food - Vegetarian - Kosher (2.4 Ounce Protein Bars 12 Pack) Packaging May Vary, 2021/04/02,20.21
CLIF BARS - Energy Bars - Peanut Butter Banana with Dark Chocolate - Made with Organic Oats - Plant Based Food - Vegetarian - Kosher (2.4 Ounce Protein Bars 12 Pack) Packaging May Vary, 2021/04/04,20.24
CLIF BARS - Energy Bars - Peanut Butter Banana with Dark Chocolate - Made with Organic Oats - Plant Based Food - Vegetarian - Kosher (2.4 Ounce Protein Bars 12 Pack) Packaging May Vary, 2021/04/05,16.24
CLIF BARS - Energy Bars - Peanut Butter Banana with Dark Chocolate - Made with Organic Oats - Plant Based Food - Vegetarian - Kosher (2.4 Ounce Protein Bars 12 Pack) Packaging May Vary, 2021/04/07,20.24
CLIF BARS - Energy Bars - Peanut Butter Banana with Dark Chocolate - Made with Organic Oats - Plant Based Food - Vegetarian - Kosher (2.4 Ounce Protein Bars 12 Pack) Packaging May Vary, 2021/04/10,15.614999999999998
CLIF BARS - Energy Bars - Peanut Butter Banana with Dark Chocolate - Made with Organic Oats - Plant Based Food - Vegetarian - Kosher (2.4 Ounce Protein Bars 12 Pack) Packaging May Vary, 2021/04/16,15.64
CLIF BARS - Energy Bars - Peanut Butter Banana with Dark Chocolate - Made with Organic Oats - Plant Based Food - Vegetarian - Kosher (2.4 Ounce Protein Bars 12 Pack) Packaging May Vary, 2021/04/17,19.910000000000004
CLIF BARS - Energy Bars - Peanut Butter Banana with Dark Chocolate - Made with Organic Oats - Plant Based Food - Vegetarian - Kosher (2.4 Ounce Protein Bars 12 Pack) Packaging May Vary, 2021/04/18,19.735
CLIF BARS - Energy Bars - Peanut Butter Banana with Dark Chocolate - Made with Organic Oats - Plant Based Food - Vegetarian - Kosher (2.4 Ounce Protein Bars 12 Pack) Packaging May Vary, 2021/04/19,16.853333333333335
CLIF BARS - Energy Bars - Peanut Butter Banana with Dark Chocolate - Made with Organic Oats - Plant Based Food - Vegetarian - Kosher (2.4 Ounce Protein Bars 12 Pack) Packaging May Vary, 2021/04/20,17.5025
CLIF BARS - Energy Bars - Peanut Butter Banana with Dark Chocolate - Made with Organic Oats - Plant Based Food - Vegetarian - Kosher (2.4 Ounce Protein Bars 12 Pack) Packaging May Vary, 2021/04/21,19.52
CLIF BARS - Energy Bars - Peanut Butter Banana with Dark Chocolate - Made with Organic Oats - Plant Based Food - Vegetarian - Kosher (2.4 Ounce Protein Bars 12 Pack) Packaging May Vary, 2021/04/22,19.423333333333332
CLIF BARS - Energy Bars - Peanut Butter Banana with Dark Chocolate - Made with Organic Oats - Plant Based Food - Vegetarian - Kosher (2.4 Ounce Protein Bars 12 Pack) Packaging May Vary, 2021/04/23,19.267142857142858
CLIF BARS - Energy Bars - Peanut Butter Banana with Dark Chocolate - Made with Organic Oats - Plant Based Food - Vegetarian - Kosher (2.4 Ounce Protein Bars 12 Pack) Packaging May Vary, 2021/04/24,17.386000000000003
CLIF BARS - Energy Bars - Peanut Butter Banana with Dark Chocolate - Made with Organic Oats - Plant Based Food - Vegetarian - Kosher (2.4 Ounce Protein Bars 12 Pack) Packaging May Vary, 2021/04/25,16.845
CLIF BARS - Energy Bars - Peanut Butter Banana with Dark Chocolate - Made with Organic Oats - Plant Based Food - Vegetarian - Kosher (2.4 Ounce Protein Bars 12 Pack) Packaging May Vary, 2021/04/26,16.5975
CLIF BARS - Energy Bars - Peanut Butter Banana with Dark Chocolate - Made with Organic Oats - Plant Based Food - Vegetarian - Kosher (2.4 Ounce Protein Bars 12 Pack) Packaging May Vary, 2021/04/27,16.22
CLIF BARS - Energy Bars - Peanut Butter Banana with Dark Chocolate - Made with Organic Oats - Plant Based Food - Vegetarian - Kosher (2.4 Ounce Protein Bars 12 Pack) Packaging May Vary, 2021/04/28,16.150000000000002
CLIF BARS - Energy Bars - Peanut Butter Banana with Dark Chocolate - Made with Organic Oats - Plant Based Food - Vegetarian - Kosher (2.4 Ounce Protein Bars 12 Pack) Packaging May Vary, 2021/04/29,16.13
CLIF BARS - Energy Bars - Peanut Butter Banana with Dark Chocolate - Made with Organic Oats - Plant Based Food - Vegetarian - Kosher (2.4 Ounce Protein Bars 12 Pack) Packaging May Vary, 2021/04/30,16.013333333333332
CLIF BARS - Energy Bars - Peanut Butter Banana with Dark Chocolate - Made with Organic Oats - Plant Based Food - Vegetarian - Kosher (2.4 Ounce Protein Bars 12 Pack) Packaging May Vary, 2021/05/01,15.745000000000001
CLIF BARS - Energy Bars - Peanut Butter Banana with Dark Chocolate - Made with Organic Oats - Plant Based Food - Vegetarian - Kosher (2.4 Ounce Protein Bars 12 Pack) Packaging May Vary, 2021/05/02,14.888333333333334
CLIF BARS - Energy Bars - Peanut Butter Banana with Dark Chocolate - Made with Organic Oats - Plant Based Food - Vegetarian - Kosher (2.4 Ounce Protein Bars 12 Pack) Packaging May Vary, 2021/05/03,15.464000000000002
CLIF BARS - Energy Bars - Peanut Butter Banana with Dark Chocolate - Made with Organic Oats - Plant Based Food - Vegetarian - Kosher (2.4 Ounce Protein Bars 12 Pack) Packaging May Vary, 2021/05/04,15.335
CLIF BARS - Energy Bars - Peanut Butter Banana with Dark Chocolate - Made with Organic Oats - Plant Based Food - Vegetarian - Kosher (2.4 Ounce Protein Bars 12 Pack) Packaging May Vary, 2021/05/05,15.118
CLIF BARS - Energy Bars - Peanut Butter Banana with Dark Chocolate - Made with Organic Oats - Plant Based Food - Vegetarian - Kosher (2.4 Ounce Protein Bars 12 Pack) Packaging May Vary, 2021/05/06,14.864999999999998
CLIF BARS - Energy Bars - Peanut Butter Banana with Dark Chocolate - Made with Organic Oats - Plant Based Food - Vegetarian - Kosher (2.4 Ounce Protein Bars 12 Pack) Packaging May Vary, 2021/05/07,14.672
CLIF BARS - Energy Bars - Peanut Butter Banana with Dark Chocolate - Made with Organic Oats - Plant Based Food - Vegetarian - Kosher (2.4 Ounce Protein Bars 12 Pack) Packaging May Vary, 2021/05/08,14.576666666666666
CLIF BARS - Energy Bars - Peanut Butter Banana with Dark Chocolate - Made with Organic Oats - Plant Based Food - Vegetarian - Kosher (2.4 Ounce Protein Bars 12 Pack) Packaging May Vary, 2021/05/09,14.536666666666667
CLIF BARS - Energy Bars - Peanut Butter Banana with Dark Chocolate - Made with Organic Oats - Plant Based Food - Vegetarian - Kosher (2.4 Ounce Protein Bars 12 Pack) Packaging May Vary, 2021/05/10,14.486666666666666
CLIF BARS - Energy Bars - Peanut Butter Banana with Dark Chocolate - Made with Organic Oats - Plant Based Food - Vegetarian - Kosher (2.4 Ounce Protein Bars 12 Pack) Packaging May Vary, 2021/05/11,20.24
CLIF BARS - Energy Bars - Peanut Butter Banana with Dark Chocolate - Made with Organic Oats - Plant Based Food - Vegetarian - Kosher (2.4 Ounce Protein Bars 12 Pack) Packaging May Vary, 2021/05/12,20.135
CLIF BARS - Energy Bars - Peanut Butter Banana with Dark Chocolate - Made with Organic Oats - Plant Based Food - Vegetarian - Kosher (2.4 Ounce Protein Bars 12 Pack) Packaging May Vary, 2021/05/13,19.94
CLIF BARS - Energy Bars - Peanut Butter Banana with Dark Chocolate - Made with Organic Oats - Plant Based Food - Vegetarian - Kosher (2.4 Ounce Protein Bars 12 Pack) Packaging May Vary, 2021/05/14,20.1
CLIF BARS - Energy Bars - Peanut Butter Banana with Dark Chocolate - Made with Organic Oats - Plant Based Food - Vegetarian - Kosher (2.4 Ounce Protein Bars 12 Pack) Packaging May Vary, 2021/05/15,21.45
CLIF BARS - Energy Bars - Peanut Butter Banana with Dark Chocolate - Made with Organic Oats - Plant Based Food - Vegetarian - Kosher (2.4 Ounce Protein Bars 12 Pack) Packaging May Vary, 2021/05/18,23.5
CLIF BARS - Energy Bars - Peanut Butter Banana with Dark Chocolate - Made with Organic Oats - Plant Based Food - Vegetarian - Kosher (2.4 Ounce Protein Bars 12 Pack) Packaging May Vary, 2021/05/19,23.24333333333333
CLIF BARS - Energy Bars - Peanut Butter Banana with Dark Chocolate - Made with Organic Oats - Plant Based Food - Vegetarian - Kosher (2.4 Ounce Protein Bars 12 Pack) Packaging May Vary, 2021/05/20,23.351999999999997
CLIF BARS - Energy Bars - Peanut Butter Banana with Dark Chocolate - Made with Organic Oats - Plant Based Food - Vegetarian - Kosher (2.4 Ounce Protein Bars 12 Pack) Packaging May Vary, 2021/05/21,23.24
CLIF BARS - Energy Bars - Peanut Butter Banana with Dark Chocolate - Made with Organic Oats - Plant Based Food - Vegetarian - Kosher (2.4 Ounce Protein Bars 12 Pack) Packaging May Vary, 2021/05/22,23.225
CLIF BARS - Energy Bars - Peanut Butter Banana with Dark Chocolate - Made with Organic Oats - Plant Based Food - Vegetarian - Kosher (2.4 Ounce Protein Bars 12 Pack) Packaging May Vary, 2021/05/23,23.137999999999998
CLIF BARS - Energy Bars - Peanut Butter Banana with Dark Chocolate - Made with Organic Oats - Plant Based Food - Vegetarian - Kosher (2.4 Ounce Protein Bars 12 Pack) Packaging May Vary, 2021/05/24,23.1
CLIF BARS - Energy Bars - Peanut Butter Banana with Dark Chocolate - Made with Organic Oats - Plant Based Food - Vegetarian - Kosher (2.4 Ounce Protein Bars 12 Pack) Packaging May Vary, 2021/05/25,23.01666666666667
CLIF BARS - Energy Bars - Peanut Butter Banana with Dark Chocolate - Made with Organic Oats - Plant Based Food - Vegetarian - Kosher (2.4 Ounce Protein Bars 12 Pack) Packaging May Vary, 2021/05/26,22.89
CLIF BARS - Energy Bars - Peanut Butter Banana with Dark Chocolate - Made with Organic Oats - Plant Based Food - Vegetarian - Kosher (2.4 Ounce Protein Bars 12 Pack) Packaging May Vary, 2021/05/27,22.810000000000002
CLIF BARS - Energy Bars - Peanut Butter Banana with Dark Chocolate - Made with Organic Oats - Plant Based Food - Vegetarian - Kosher (2.4 Ounce Protein Bars 12 Pack) Packaging May Vary, 2021/05/28,22.746666666666666
CLIF BARS - Energy Bars - Peanut Butter Banana with Dark Chocolate - Made with Organic Oats - Plant Based Food - Vegetarian - Kosher (2.4 Ounce Protein Bars 12 Pack) Packaging May Vary, 2021/05/29,22.529999999999998
CLIF BARS - Energy Bars - Peanut Butter Banana with Dark Chocolate - Made with Organic Oats - Plant Based Food - Vegetarian - Kosher (2.4 Ounce Protein Bars 12 Pack) Packaging May Vary, 2021/05/30,20.878888888888888
CLIF BARS - Energy Bars - Peanut Butter Banana with Dark Chocolate - Made with Organic Oats - Plant Based Food - Vegetarian - Kosher (2.4 Ounce Protein Bars 12 Pack) Packaging May Vary, 2021/05/31,21.9425
CLIF BARS - Energy Bars - Peanut Butter Banana with Dark Chocolate - Made with Organic Oats - Plant Based Food - Vegetarian - Kosher (2.4 Ounce Protein Bars 12 Pack) Packaging May Vary, 2021/06/01,21.759999999999998
CLIF BARS - Energy Bars - Peanut Butter Banana with Dark Chocolate - Made with Organic Oats - Plant Based Food - Vegetarian - Kosher (2.4 Ounce Protein Bars 12 Pack) Packaging May Vary, 2021/06/02,21.644
CLIF BARS - Energy Bars - Peanut Butter Banana with Dark Chocolate - Made with Organic Oats - Plant Based Food - Vegetarian - Kosher (2.4 Ounce Protein Bars 12 Pack) Packaging May Vary, 2021/06/03,21.582499999999996
CLIF BARS - Energy Bars - Peanut Butter Banana with Dark Chocolate - Made with Organic Oats - Plant Based Food - Vegetarian - Kosher (2.4 Ounce Protein Bars 12 Pack) Packaging May Vary, 2021/06/04,21.496666666666666
CLIF BARS - Energy Bars - Peanut Butter Banana with Dark Chocolate - Made with Organic Oats - Plant Based Food - Vegetarian - Kosher (2.4 Ounce Protein Bars 12 Pack) Packaging May Vary, 2021/06/05,21.32
CLIF BARS - Energy Bars - Peanut Butter Banana with Dark Chocolate - Made with Organic Oats - Plant Based Food - Vegetarian - Kosher (2.4 Ounce Protein Bars 12 Pack) Packaging May Vary, 2021/06/06,20.9625
CLIF BARS - Energy Bars - Peanut Butter Banana with Dark Chocolate - Made with Organic Oats - Plant Based Food - Vegetarian - Kosher (2.4 Ounce Protein Bars 12 Pack) Packaging May Vary, 2021/06/07,20.92
CLIF BARS - Energy Bars - Peanut Butter Banana with Dark Chocolate - Made with Organic Oats - Plant Based Food - Vegetarian - Kosher (2.4 Ounce Protein Bars 12 Pack) Packaging May Vary, 2021/06/08,20.915
CLIF BARS - Energy Bars - Peanut Butter Banana with Dark Chocolate - Made with Organic Oats - Plant Based Food - Vegetarian - Kosher (2.4 Ounce Protein Bars 12 Pack) Packaging May Vary, 2021/06/09,19.735
CLIF BARS - Energy Bars - Peanut Butter Banana with Dark Chocolate - Made with Organic Oats - Plant Based Food - Vegetarian - Kosher (2.4 Ounce Protein Bars 12 Pack) Packaging May Vary, 2021/06/10,20.77
CLIF BARS - Energy Bars - Peanut Butter Banana with Dark Chocolate - Made with Organic Oats - Plant Based Food - Vegetarian - Kosher (2.4 Ounce Protein Bars 12 Pack) Packaging May Vary, 2021/06/11,19.725
CLIF BARS - Energy Bars - Peanut Butter Banana with Dark Chocolate - Made with Organic Oats - Plant Based Food - Vegetarian - Kosher (2.4 Ounce Protein Bars 12 Pack) Packaging May Vary, 2021/06/12,21.88
CLIF BARS - Energy Bars - Peanut Butter Banana with Dark Chocolate - Made with Organic Oats - Plant Based Food - Vegetarian - Kosher (2.4 Ounce Protein Bars 12 Pack) Packaging May Vary, 2021/06/13,21.87
CLIF BARS - Energy Bars - Peanut Butter Banana with Dark Chocolate - Made with Organic Oats - Plant Based Food - Vegetarian - Kosher (2.4 Ounce Protein Bars 12 Pack) Packaging May Vary, 2021/06/14,21.77
CLIF BARS - Energy Bars - Peanut Butter Banana with Dark Chocolate - Made with Organic Oats - Plant Based Food - Vegetarian - Kosher (2.4 Ounce Protein Bars 12 Pack) Packaging May Vary, 2021/06/15,21.74
CLIF BARS - Energy Bars - Peanut Butter Banana with Dark Chocolate - Made with Organic Oats - Plant Based Food - Vegetarian - Kosher (2.4 Ounce Protein Bars 12 Pack) Packaging May Vary, 2021/06/16,17.406666666666666
CLIF BARS - Energy Bars - Peanut Butter Banana with Dark Chocolate - Made with Organic Oats - Plant Based Food - Vegetarian - Kosher (2.4 Ounce Protein Bars 12 Pack) Packaging May Vary, 2021/06/17,20.45
CLIF BARS - Energy Bars - Peanut Butter Banana with Dark Chocolate - Made with Organic Oats - Plant Based Food - Vegetarian - Kosher (2.4 Ounce Protein Bars 12 Pack) Packaging May Vary, 2021/06/18,20.44
CLIF BARS - Energy Bars - Peanut Butter Banana with Dark Chocolate - Made with Organic Oats - Plant Based Food - Vegetarian - Kosher (2.4 Ounce Protein Bars 12 Pack) Packaging May Vary, 2021/06/19,20.425
CLIF BARS - Energy Bars - Peanut Butter Banana with Dark Chocolate - Made with Organic Oats - Plant Based Food - Vegetarian - Kosher (2.4 Ounce Protein Bars 12 Pack) Packaging May Vary, 2021/06/20,20.384999999999998
CLIF BARS - Energy Bars - Peanut Butter Banana with Dark Chocolate - Made with Organic Oats - Plant Based Food - Vegetarian - Kosher (2.4 Ounce Protein Bars 12 Pack) Packaging May Vary, 2021/06/21,20.36
CLIF BARS - Energy Bars - Peanut Butter Banana with Dark Chocolate - Made with Organic Oats - Plant Based Food - Vegetarian - Kosher (2.4 Ounce Protein Bars 12 Pack) Packaging May Vary, 2021/06/22,20.325
CLIF BARS - Energy Bars - Peanut Butter Banana with Dark Chocolate - Made with Organic Oats - Plant Based Food - Vegetarian - Kosher (2.4 Ounce Protein Bars 12 Pack) Packaging May Vary, 2021/06/23,20.3
CLIF BARS - Energy Bars - Peanut Butter Banana with Dark Chocolate - Made with Organic Oats - Plant Based Food - Vegetarian - Kosher (2.4 Ounce Protein Bars 12 Pack) Packaging May Vary, 2021/06/24,20.246000000000002
CLIF BARS - Energy Bars - Peanut Butter Banana with Dark Chocolate - Made with Organic Oats - Plant Based Food - Vegetarian - Kosher (2.4 Ounce Protein Bars 12 Pack) Packaging May Vary, 2021/06/25,20.165
CLIF BARS - Energy Bars - Peanut Butter Banana with Dark Chocolate - Made with Organic Oats - Plant Based Food - Vegetarian - Kosher (2.4 Ounce Protein Bars 12 Pack) Packaging May Vary, 2021/06/26,20.126666666666665
CLIF BARS - Energy Bars - Peanut Butter Banana with Dark Chocolate - Made with Organic Oats - Plant Based Food - Vegetarian - Kosher (2.4 Ounce Protein Bars 12 Pack) Packaging May Vary, 2021/06/27,20.05
CLIF BARS - Energy Bars - Peanut Butter Banana with Dark Chocolate - Made with Organic Oats - Plant Based Food - Vegetarian - Kosher (2.4 Ounce Protein Bars 12 Pack) Packaging May Vary, 2021/07/01,19.985
CLIF BARS - Energy Bars - Peanut Butter Banana with Dark Chocolate - Made with Organic Oats - Plant Based Food - Vegetarian - Kosher (2.4 Ounce Protein Bars 12 Pack) Packaging May Vary, 2021/07/02,19.922
CLIF BARS - Energy Bars - Peanut Butter Banana with Dark Chocolate - Made with Organic Oats - Plant Based Food - Vegetarian - Kosher (2.4 Ounce Protein Bars 12 Pack) Packaging May Vary, 2021/07/03,19.835
CLIF BARS - Energy Bars - Peanut Butter Banana with Dark Chocolate - Made with Organic Oats - Plant Based Food - Vegetarian - Kosher (2.4 Ounce Protein Bars 12 Pack) Packaging May Vary, 2021/07/04,19.69
CLIF BARS - Energy Bars - Peanut Butter Banana with Dark Chocolate - Made with Organic Oats - Plant Based Food - Vegetarian - Kosher (2.4 Ounce Protein Bars 12 Pack) Packaging May Vary, 2021/07/05,19.479999999999997
CLIF BARS - Energy Bars - Peanut Butter Banana with Dark Chocolate - Made with Organic Oats - Plant Based Food - Vegetarian - Kosher (2.4 Ounce Protein Bars 12 Pack) Packaging May Vary, 2021/07/06,19.362000000000002
CLIF BARS - Energy Bars - Peanut Butter Banana with Dark Chocolate - Made with Organic Oats - Plant Based Food - Vegetarian - Kosher (2.4 Ounce Protein Bars 12 Pack) Packaging May Vary, 2021/07/07,19.276666666666667
CLIF BARS - Energy Bars - Peanut Butter Banana with Dark Chocolate - Made with Organic Oats - Plant Based Food - Vegetarian - Kosher (2.4 Ounce Protein Bars 12 Pack) Packaging May Vary, 2021/07/08,19.223333333333333
CLIF BARS - Energy Bars - Peanut Butter Banana with Dark Chocolate - Made with Organic Oats - Plant Based Food - Vegetarian - Kosher (2.4 Ounce Protein Bars 12 Pack) Packaging May Vary, 2021/07/09,19.093333333333334
CLIF BARS - Energy Bars - Peanut Butter Banana with Dark Chocolate - Made with Organic Oats - Plant Based Food - Vegetarian - Kosher (2.4 Ounce Protein Bars 12 Pack) Packaging May Vary, 2021/07/31,10.79
CLIF BARS - Energy Bars - Peanut Butter Banana with Dark Chocolate - Made with Organic Oats - Plant Based Food - Vegetarian - Kosher (2.4 Ounce Protein Bars 12 Pack) Packaging May Vary, 2021/08/01,19.490000000000002
CLIF BARS - Energy Bars - Peanut Butter Banana with Dark Chocolate - Made with Organic Oats - Plant Based Food - Vegetarian - Kosher (2.4 Ounce Protein Bars 12 Pack) Packaging May Vary, 2021/08/02,19.8425
CLIF BARS - Energy Bars - Peanut Butter Banana with Dark Chocolate - Made with Organic Oats - Plant Based Food - Vegetarian - Kosher (2.4 Ounce Protein Bars 12 Pack) Packaging May Vary, 2021/08/04,19.945
CLIF BARS - Energy Bars - Peanut Butter Banana with Dark Chocolate - Made with Organic Oats - Plant Based Food - Vegetarian - Kosher (2.4 Ounce Protein Bars 12 Pack) Packaging May Vary, 2021/08/05,19.953333333333333
CLIF BARS - Energy Bars - Peanut Butter Banana with Dark Chocolate - Made with Organic Oats - Plant Based Food - Vegetarian - Kosher (2.4 Ounce Protein Bars 12 Pack) Packaging May Vary, 2021/08/06,19.89
CLIF BARS - Energy Bars - Peanut Butter Banana with Dark Chocolate - Made with Organic Oats - Plant Based Food - Vegetarian - Kosher (2.4 Ounce Protein Bars 12 Pack) Packaging May Vary, 2021/08/07,19.865000000000002
CLIF BARS - Energy Bars - Peanut Butter Banana with Dark Chocolate - Made with Organic Oats - Plant Based Food - Vegetarian - Kosher (2.4 Ounce Protein Bars 12 Pack) Packaging May Vary, 2021/08/08,19.80333333333333
CLIF BARS - Energy Bars - Peanut Butter Banana with Dark Chocolate - Made with Organic Oats - Plant Based Food - Vegetarian - Kosher (2.4 Ounce Protein Bars 12 Pack) Packaging May Vary, 2021/08/09,19.825
CLIF BARS - Energy Bars - Peanut Butter Banana with Dark Chocolate - Made with Organic Oats - Plant Based Food - Vegetarian - Kosher (2.4 Ounce Protein Bars 12 Pack) Packaging May Vary, 2021/08/10,23.49
CLIF BARS - Energy Bars - Peanut Butter Banana with Dark Chocolate - Made with Organic Oats - Plant Based Food - Vegetarian - Kosher (2.4 Ounce Protein Bars 12 Pack) Packaging May Vary, 2021/08/11,23.49
CLIF BARS - Energy Bars - Peanut Butter Banana with Dark Chocolate - Made with Organic Oats - Plant Based Food - Vegetarian - Kosher (2.4 Ounce Protein Bars 12 Pack) Packaging May Vary, 2021/08/12,22.99
CLIF BARS - Energy Bars - Peanut Butter Banana with Dark Chocolate - Made with Organic Oats - Plant Based Food - Vegetarian - Kosher (2.4 Ounce Protein Bars 12 Pack) Packaging May Vary, 2021/08/13,26.659999999999997
CLIF BARS - Energy Bars - Peanut Butter Banana with Dark Chocolate - Made with Organic Oats - Plant Based Food - Vegetarian - Kosher (2.4 Ounce Protein Bars 12 Pack) Packaging May Vary, 2021/08/14,27.955
CLIF BARS - Energy Bars - Peanut Butter Banana with Dark Chocolate - Made with Organic Oats - Plant Based Food - Vegetarian - Kosher (2.4 Ounce Protein Bars 12 Pack) Packaging May Vary, 2021/08/15,23.47
CLIF BARS - Energy Bars - Peanut Butter Banana with Dark Chocolate - Made with Organic Oats - Plant Based Food - Vegetarian - Kosher (2.4 Ounce Protein Bars 12 Pack) Packaging May Vary, 2021/08/17,23.95
CLIF BARS - Energy Bars - Peanut Butter Banana with Dark Chocolate - Made with Organic Oats - Plant Based Food - Vegetarian - Kosher (2.4 Ounce Protein Bars 12 Pack) Packaging May Vary, 2021/08/18,23.94
CLIF BARS - Energy Bars - Peanut Butter Banana with Dark Chocolate - Made with Organic Oats - Plant Based Food - Vegetarian - Kosher (2.4 Ounce Protein Bars 12 Pack) Packaging May Vary, 2021/08/20,23.88
CLIF BARS - Energy Bars - Peanut Butter Banana with Dark Chocolate - Made with Organic Oats - Plant Based Food - Vegetarian - Kosher (2.4 Ounce Protein Bars 12 Pack) Packaging May Vary, 2021/08/21,23.4
CLIF BARS - Energy Bars - Peanut Butter Banana with Dark Chocolate - Made with Organic Oats - Plant Based Food - Vegetarian - Kosher (2.4 Ounce Protein Bars 12 Pack) Packaging May Vary, 2021/08/22,23.384999999999998
CLIF BARS - Energy Bars - Peanut Butter Banana with Dark Chocolate - Made with Organic Oats - Plant Based Food - Vegetarian - Kosher (2.4 Ounce Protein Bars 12 Pack) Packaging May Vary, 2021/08/23,22.74
CLIF BARS - Energy Bars - Peanut Butter Banana with Dark Chocolate - Made with Organic Oats - Plant Based Food - Vegetarian - Kosher (2.4 Ounce Protein Bars 12 Pack) Packaging May Vary, 2021/08/24,23.365000000000002
CLIF BARS - Energy Bars - Peanut Butter Banana with Dark Chocolate - Made with Organic Oats - Plant Based Food - Vegetarian - Kosher (2.4 Ounce Protein Bars 12 Pack) Packaging May Vary, 2021/08/25,23.33
CLIF BARS - Energy Bars - Peanut Butter Banana with Dark Chocolate - Made with Organic Oats - Plant Based Food - Vegetarian - Kosher (2.4 Ounce Protein Bars 12 Pack) Packaging May Vary, 2021/08/26,23.28
CLIF BARS - Energy Bars - Peanut Butter Banana with Dark Chocolate - Made with Organic Oats - Plant Based Food - Vegetarian - Kosher (2.4 Ounce Protein Bars 12 Pack) Packaging May Vary, 2021/08/27,17.049999999999997
CLIF BARS - Energy Bars - Peanut Butter Banana with Dark Chocolate - Made with Organic Oats - Plant Based Food - Vegetarian - Kosher (2.4 Ounce Protein Bars 12 Pack) Packaging May Vary, 2021/08/28,20.1775
CLIF BARS - Energy Bars - Peanut Butter Banana with Dark Chocolate - Made with Organic Oats - Plant Based Food - Vegetarian - Kosher (2.4 Ounce Protein Bars 12 Pack) Packaging May Vary, 2021/08/29,23.3
CLIF BARS - Energy Bars - Peanut Butter Banana with Dark Chocolate - Made with Organic Oats - Plant Based Food - Vegetarian - Kosher (2.4 Ounce Protein Bars 12 Pack) Packaging May Vary, 2021/08/30,22.95
CLIF BARS - Energy Bars - Peanut Butter Banana with Dark Chocolate - Made with Organic Oats - Plant Based Food - Vegetarian - Kosher (2.4 Ounce Protein Bars 12 Pack) Packaging May Vary, 2021/08/31,22.91
CLIF BARS - Energy Bars - Peanut Butter Banana with Dark Chocolate - Made with Organic Oats - Plant Based Food - Vegetarian - Kosher (2.4 Ounce Protein Bars 12 Pack) Packaging May Vary, 2021/09/01,22.849999999999998
CLIF BARS - Energy Bars - Peanut Butter Banana with Dark Chocolate - Made with Organic Oats - Plant Based Food - Vegetarian - Kosher (2.4 Ounce Protein Bars 12 Pack) Packaging May Vary, 2021/09/03,22.0
CLIF BARS - Energy Bars - Peanut Butter Banana with Dark Chocolate - Made with Organic Oats - Plant Based Food - Vegetarian - Kosher (2.4 Ounce Protein Bars 12 Pack) Packaging May Vary, 2021/09/06,20.255
CLIF BARS - Energy Bars - Peanut Butter Banana with Dark Chocolate - Made with Organic Oats - Plant Based Food - Vegetarian - Kosher (2.4 Ounce Protein Bars 12 Pack) Packaging May Vary, 2021/09/08,15.596666666666666
CLIF BARS - Energy Bars - Peanut Butter Banana with Dark Chocolate - Made with Organic Oats - Plant Based Food - Vegetarian - Kosher (2.4 Ounce Protein Bars 12 Pack) Packaging May Vary, 2021/09/10,23.25
CLIF BARS - Energy Bars - Peanut Butter Banana with Dark Chocolate - Made with Organic Oats - Plant Based Food - Vegetarian - Kosher (2.4 Ounce Protein Bars 12 Pack) Packaging May Vary, 2021/09/11,21.80666666666667
CLIF BARS - Energy Bars - Peanut Butter Banana with Dark Chocolate - Made with Organic Oats - Plant Based Food - Vegetarian - Kosher (2.4 Ounce Protein Bars 12 Pack) Packaging May Vary, 2021/09/12,19.228
CLIF BARS - Energy Bars - Peanut Butter Banana with Dark Chocolate - Made with Organic Oats - Plant Based Food - Vegetarian - Kosher (2.4 Ounce Protein Bars 12 Pack) Packaging May Vary, 2021/09/22,16.986666666666668
CLIF BARS - Energy Bars - Peanut Butter Banana with Dark Chocolate - Made with Organic Oats - Plant Based Food - Vegetarian - Kosher (2.4 Ounce Protein Bars 12 Pack) Packaging May Vary, 2021/09/24,20.0
CLIF BARS - Energy Bars - Peanut Butter Banana with Dark Chocolate - Made with Organic Oats - Plant Based Food - Vegetarian - Kosher (2.4 Ounce Protein Bars 12 Pack) Packaging May Vary, 2021/09/26,23.24
CLIF BARS - Energy Bars - Peanut Butter Banana with Dark Chocolate - Made with Organic Oats - Plant Based Food - Vegetarian - Kosher (2.4 Ounce Protein Bars 12 Pack) Packaging May Vary, 2021/09/27,23.0
CLIF BARS - Energy Bars - Peanut Butter Banana with Dark Chocolate - Made with Organic Oats - Plant Based Food - Vegetarian - Kosher (2.4 Ounce Protein Bars 12 Pack) Packaging May Vary, 2021/09/28,21.896666666666665
CLIF BARS - Energy Bars - Peanut Butter Banana with Dark Chocolate - Made with Organic Oats - Plant Based Food - Vegetarian - Kosher (2.4 Ounce Protein Bars 12 Pack) Packaging May Vary, 2021/09/29,21.095
CLIF BARS - Energy Bars - Peanut Butter Banana with Dark Chocolate - Made with Organic Oats - Plant Based Food - Vegetarian - Kosher (2.4 Ounce Protein Bars 12 Pack) Packaging May Vary, 2021/09/30,20.67
CLIF BARS - Energy Bars - Peanut Butter Banana with Dark Chocolate - Made with Organic Oats - Plant Based Food - Vegetarian - Kosher (2.4 Ounce Protein Bars 12 Pack) Packaging May Vary, 2021/10/01,20.145
CLIF BARS - Energy Bars - Peanut Butter Banana with Dark Chocolate - Made with Organic Oats - Plant Based Food - Vegetarian - Kosher (2.4 Ounce Protein Bars 12 Pack) Packaging May Vary, 2021/10/02,19.959999999999997
CLIF BARS - Energy Bars - Peanut Butter Banana with Dark Chocolate - Made with Organic Oats - Plant Based Food - Vegetarian - Kosher (2.4 Ounce Protein Bars 12 Pack) Packaging May Vary, 2021/10/03,19.863333333333333
CLIF BARS - Energy Bars - Peanut Butter Banana with Dark Chocolate - Made with Organic Oats - Plant Based Food - Vegetarian - Kosher (2.4 Ounce Protein Bars 12 Pack) Packaging May Vary, 2021/10/04,19.686666666666667
CLIF BARS - Energy Bars - Peanut Butter Banana with Dark Chocolate - Made with Organic Oats - Plant Based Food - Vegetarian - Kosher (2.4 Ounce Protein Bars 12 Pack) Packaging May Vary, 2021/10/05,19.0
CLIF BARS - Energy Bars - Peanut Butter Banana with Dark Chocolate - Made with Organic Oats - Plant Based Food - Vegetarian - Kosher (2.4 Ounce Protein Bars 12 Pack) Packaging May Vary, 2021/10/08,18.59
CLIF BARS - Energy Bars - Peanut Butter Banana with Dark Chocolate - Made with Organic Oats - Plant Based Food - Vegetarian - Kosher (2.4 Ounce Protein Bars 12 Pack) Packaging May Vary, 2021/10/09,19.0
CLIF BARS - Energy Bars - Peanut Butter Banana with Dark Chocolate - Made with Organic Oats - Plant Based Food - Vegetarian - Kosher (2.4 Ounce Protein Bars 12 Pack) Packaging May Vary, 2021/10/17,19.134999999999998
CLIF BARS - Energy Bars - Peanut Butter Banana with Dark Chocolate - Made with Organic Oats - Plant Based Food - Vegetarian - Kosher (2.4 Ounce Protein Bars 12 Pack) Packaging May Vary, 2021/10/23,19.18
CLIF BARS - Energy Bars - Peanut Butter Banana with Dark Chocolate - Made with Organic Oats - Plant Based Food - Vegetarian - Kosher (2.4 Ounce Protein Bars 12 Pack) Packaging May Vary, 2021/10/25,20.59
CLIF BARS - Energy Bars - Peanut Butter Banana with Dark Chocolate - Made with Organic Oats - Plant Based Food - Vegetarian - Kosher (2.4 Ounce Protein Bars 12 Pack) Packaging May Vary, 2021/10/26,20.39
CLIF BARS - Energy Bars - Peanut Butter Banana with Dark Chocolate - Made with Organic Oats - Plant Based Food - Vegetarian - Kosher (2.4 Ounce Protein Bars 12 Pack) Packaging May Vary, 2021/10/28,20.19
CLIF BARS - Energy Bars - Peanut Butter Banana with Dark Chocolate - Made with Organic Oats - Plant Based Food - Vegetarian - Kosher (2.4 Ounce Protein Bars 12 Pack) Packaging May Vary, 2021/10/29,20.09
CLIF BARS - Energy Bars - Peanut Butter Banana with Dark Chocolate - Made with Organic Oats - Plant Based Food - Vegetarian - Kosher (2.4 Ounce Protein Bars 12 Pack) Packaging May Vary, 2021/10/31,20.07
CLIF BARS - Energy Bars - Peanut Butter Banana with Dark Chocolate - Made with Organic Oats - Plant Based Food - Vegetarian - Kosher (2.4 Ounce Protein Bars 12 Pack) Packaging May Vary, 2021/11/01,20.0
CLIF BARS - Energy Bars - Peanut Butter Banana with Dark Chocolate - Made with Organic Oats - Plant Based Food - Vegetarian - Kosher (2.4 Ounce Protein Bars 12 Pack) Packaging May Vary, 2021/11/05,20.59
CLIF BARS - Energy Bars - Peanut Butter Banana with Dark Chocolate - Made with Organic Oats - Plant Based Food - Vegetarian - Kosher (2.4 Ounce Protein Bars 12 Pack) Packaging May Vary, 2021/11/08,15.48
CLIF BARS - Energy Bars - Peanut Butter Banana with Dark Chocolate - Made with Organic Oats - Plant Based Food - Vegetarian - Kosher (2.4 Ounce Protein Bars 12 Pack) Packaging May Vary, 2021/11/11,20.0
CLIF BARS - Energy Bars - Peanut Butter Banana with Dark Chocolate - Made with Organic Oats - Plant Based Food - Vegetarian - Kosher (2.4 Ounce Protein Bars 12 Pack) Packaging May Vary, 2021/11/12,20.295
CLIF BARS - Energy Bars - Peanut Butter Banana with Dark Chocolate - Made with Organic Oats - Plant Based Food - Vegetarian - Kosher (2.4 Ounce Protein Bars 12 Pack) Packaging May Vary, 2021/11/13,17.740000000000002
CLIF BARS - Energy Bars - Peanut Butter Banana with Dark Chocolate - Made with Organic Oats - Plant Based Food - Vegetarian - Kosher (2.4 Ounce Protein Bars 12 Pack) Packaging May Vary, 2021/11/14,16.976666666666667
CLIF BARS - Energy Bars - Peanut Butter Banana with Dark Chocolate - Made with Organic Oats - Plant Based Food - Vegetarian - Kosher (2.4 Ounce Protein Bars 12 Pack) Packaging May Vary, 2021/11/15,18.886666666666667
CLIF BARS - Energy Bars - Peanut Butter Banana with Dark Chocolate - Made with Organic Oats - Plant Based Food - Vegetarian - Kosher (2.4 Ounce Protein Bars 12 Pack) Packaging May Vary, 2021/11/16,14.383333333333333
CLIF BARS - Energy Bars - Peanut Butter Banana with Dark Chocolate - Made with Organic Oats - Plant Based Food - Vegetarian - Kosher (2.4 Ounce Protein Bars 12 Pack) Packaging May Vary, 2021/11/17,16.494
CLIF BARS - Energy Bars - Peanut Butter Banana with Dark Chocolate - Made with Organic Oats - Plant Based Food - Vegetarian - Kosher (2.4 Ounce Protein Bars 12 Pack) Packaging May Vary, 2021/11/18,15.625
CLIF BARS - Energy Bars - Peanut Butter Banana with Dark Chocolate - Made with Organic Oats - Plant Based Food - Vegetarian - Kosher (2.4 Ounce Protein Bars 12 Pack) Packaging May Vary, 2021/11/19,15.625
CLIF BARS - Energy Bars - Peanut Butter Banana with Dark Chocolate - Made with Organic Oats - Plant Based Food - Vegetarian - Kosher (2.4 Ounce Protein Bars 12 Pack) Packaging May Vary, 2021/11/20,15.625
CLIF BARS - Energy Bars - Peanut Butter Banana with Dark Chocolate - Made with Organic Oats - Plant Based Food - Vegetarian - Kosher (2.4 Ounce Protein Bars 12 Pack) Packaging May Vary, 2021/11/21,15.625
CLIF BARS - Energy Bars - Peanut Butter Banana with Dark Chocolate - Made with Organic Oats - Plant Based Food - Vegetarian - Kosher (2.4 Ounce Protein Bars 12 Pack) Packaging May Vary, 2021/11/22,17.333333333333332
CLIF BARS - Energy Bars - Peanut Butter Banana with Dark Chocolate - Made with Organic Oats - Plant Based Food - Vegetarian - Kosher (2.4 Ounce Protein Bars 12 Pack) Packaging May Vary, 2021/11/23,16.015
CLIF BARS - Energy Bars - Peanut Butter Banana with Dark Chocolate - Made with Organic Oats - Plant Based Food - Vegetarian - Kosher (2.4 Ounce Protein Bars 12 Pack) Packaging May Vary, 2021/11/24,16.015
CLIF BARS - Energy Bars - Peanut Butter Banana with Dark Chocolate - Made with Organic Oats - Plant Based Food - Vegetarian - Kosher (2.4 Ounce Protein Bars 12 Pack) Packaging May Vary, 2021/12/02,20.0
CLIF BARS - Energy Bars - Peanut Butter Banana with Dark Chocolate - Made with Organic Oats - Plant Based Food - Vegetarian - Kosher (2.4 Ounce Protein Bars 12 Pack) Packaging May Vary, 2021/12/03,19.99
CLIF BARS - Energy Bars - Peanut Butter Banana with Dark Chocolate - Made with Organic Oats - Plant Based Food - Vegetarian - Kosher (2.4 Ounce Protein Bars 12 Pack) Packaging May Vary, 2021/12/04,19.924999999999997
CLIF BARS - Energy Bars - Peanut Butter Banana with Dark Chocolate - Made with Organic Oats - Plant Based Food - Vegetarian - Kosher (2.4 Ounce Protein Bars 12 Pack) Packaging May Vary, 2021/12/05,19.95
CLIF BARS - Energy Bars - Peanut Butter Banana with Dark Chocolate - Made with Organic Oats - Plant Based Food - Vegetarian - Kosher (2.4 Ounce Protein Bars 12 Pack) Packaging May Vary, 2021/12/06,20.75
CLIF BARS - Energy Bars - Peanut Butter Banana with Dark Chocolate - Made with Organic Oats - Plant Based Food - Vegetarian - Kosher (2.4 Ounce Protein Bars 12 Pack) Packaging May Vary, 2021/12/08,20.99
CLIF BARS - Energy Bars - Peanut Butter Banana with Dark Chocolate - Made with Organic Oats - Plant Based Food - Vegetarian - Kosher (2.4 Ounce Protein Bars 12 Pack) Packaging May Vary, 2021/12/10,20.75
CLIF BARS - Energy Bars - Peanut Butter Banana with Dark Chocolate - Made with Organic Oats - Plant Based Food - Vegetarian - Kosher (2.4 Ounce Protein Bars 12 Pack) Packaging May Vary, 2021/12/18,20.7
CLIF BARS - Energy Bars - Peanut Butter Banana with Dark Chocolate - Made with Organic Oats - Plant Based Food - Vegetarian - Kosher (2.4 Ounce Protein Bars 12 Pack) Packaging May Vary, 2021/12/19,20.0
CLIF BARS - Energy Bars - Peanut Butter Banana with Dark Chocolate - Made with Organic Oats - Plant Based Food - Vegetarian - Kosher (2.4 Ounce Protein Bars 12 Pack) Packaging May Vary, 2021/12/25,19.919999999999998
CLIF BARS - Energy Bars - Peanut Butter Banana with Dark Chocolate - Made with Organic Oats - Plant Based Food - Vegetarian - Kosher (2.4 Ounce Protein Bars 12 Pack) Packaging May Vary, 2021/12/26,19.79
CLIF BARS - Energy Bars - Peanut Butter Banana with Dark Chocolate - Made with Organic Oats - Plant Based Food - Vegetarian - Kosher (2.4 Ounce Protein Bars 12 Pack) Packaging May Vary, 2021/12/28,19.785
