Compact First Aid Kit (228pcs) Designed for Family Emergency Care. Waterproof EVA Case and Bag is Ideal for The Car Home Boat School Camping Hiking Office Sports. Protect Your Loved Ones., 2020/03/10,29.99
Compact First Aid Kit (228pcs) Designed for Family Emergency Care. Waterproof EVA Case and Bag is Ideal for The Car Home Boat School Camping Hiking Office Sports. Protect Your Loved Ones., 2020/03/16,32.95
Compact First Aid Kit (228pcs) Designed for Family Emergency Care. Waterproof EVA Case and Bag is Ideal for The Car Home Boat School Camping Hiking Office Sports. Protect Your Loved Ones., 2020/03/27,32.95
Compact First Aid Kit (228pcs) Designed for Family Emergency Care. Waterproof EVA Case and Bag is Ideal for The Car Home Boat School Camping Hiking Office Sports. Protect Your Loved Ones., 2020/04/01,32.95
Compact First Aid Kit (228pcs) Designed for Family Emergency Care. Waterproof EVA Case and Bag is Ideal for The Car Home Boat School Camping Hiking Office Sports. Protect Your Loved Ones., 2020/04/10,29.99
Compact First Aid Kit (228pcs) Designed for Family Emergency Care. Waterproof EVA Case and Bag is Ideal for The Car Home Boat School Camping Hiking Office Sports. Protect Your Loved Ones., 2020/04/21,32.95
Compact First Aid Kit (228pcs) Designed for Family Emergency Care. Waterproof EVA Case and Bag is Ideal for The Car Home Boat School Camping Hiking Office Sports. Protect Your Loved Ones., 2020/04/28,32.95
Compact First Aid Kit (228pcs) Designed for Family Emergency Care. Waterproof EVA Case and Bag is Ideal for The Car Home Boat School Camping Hiking Office Sports. Protect Your Loved Ones., 2020/04/30,32.95
Compact First Aid Kit (228pcs) Designed for Family Emergency Care. Waterproof EVA Case and Bag is Ideal for The Car Home Boat School Camping Hiking Office Sports. Protect Your Loved Ones., 2020/05/17,35.45
Compact First Aid Kit (228pcs) Designed for Family Emergency Care. Waterproof EVA Case and Bag is Ideal for The Car Home Boat School Camping Hiking Office Sports. Protect Your Loved Ones., 2020/05/19,32.95
Compact First Aid Kit (228pcs) Designed for Family Emergency Care. Waterproof EVA Case and Bag is Ideal for The Car Home Boat School Camping Hiking Office Sports. Protect Your Loved Ones., 2020/06/15,33.95
