GearLight LED Flashlight Pack -2 Bright Zoomable Tactical Flashlights with High Lumens and 5 Modes for Emergency and Outdoor Use -Camping Accessories -S1000, 2020/02/24,15.99
GearLight LED Flashlight Pack -2 Bright Zoomable Tactical Flashlights with High Lumens and 5 Modes for Emergency and Outdoor Use -Camping Accessories -S1000, 2020/02/27,18.99
GearLight LED Flashlight Pack -2 Bright Zoomable Tactical Flashlights with High Lumens and 5 Modes for Emergency and Outdoor Use -Camping Accessories -S1000, 2020/03/03,18.985
GearLight LED Flashlight Pack -2 Bright Zoomable Tactical Flashlights with High Lumens and 5 Modes for Emergency and Outdoor Use -Camping Accessories -S1000, 2020/03/06,18.98
GearLight LED Flashlight Pack -2 Bright Zoomable Tactical Flashlights with High Lumens and 5 Modes for Emergency and Outdoor Use -Camping Accessories -S1000, 2020/03/12,19.98
GearLight LED Flashlight Pack -2 Bright Zoomable Tactical Flashlights with High Lumens and 5 Modes for Emergency and Outdoor Use -Camping Accessories -S1000, 2020/03/13,20.98
GearLight LED Flashlight Pack -2 Bright Zoomable Tactical Flashlights with High Lumens and 5 Modes for Emergency and Outdoor Use -Camping Accessories -S1000, 2020/03/19,20.99
GearLight LED Flashlight Pack -2 Bright Zoomable Tactical Flashlights with High Lumens and 5 Modes for Emergency and Outdoor Use -Camping Accessories -S1000, 2020/03/20,20.475
GearLight LED Flashlight Pack -2 Bright Zoomable Tactical Flashlights with High Lumens and 5 Modes for Emergency and Outdoor Use -Camping Accessories -S1000, 2020/03/21,20.99
GearLight LED Flashlight Pack -2 Bright Zoomable Tactical Flashlights with High Lumens and 5 Modes for Emergency and Outdoor Use -Camping Accessories -S1000, 2020/03/26,19.99
GearLight LED Flashlight Pack -2 Bright Zoomable Tactical Flashlights with High Lumens and 5 Modes for Emergency and Outdoor Use -Camping Accessories -S1000, 2020/03/27,18.99
GearLight LED Flashlight Pack -2 Bright Zoomable Tactical Flashlights with High Lumens and 5 Modes for Emergency and Outdoor Use -Camping Accessories -S1000, 2020/03/30,18.985
GearLight LED Flashlight Pack -2 Bright Zoomable Tactical Flashlights with High Lumens and 5 Modes for Emergency and Outdoor Use -Camping Accessories -S1000, 2020/03/31,18.985
GearLight LED Flashlight Pack -2 Bright Zoomable Tactical Flashlights with High Lumens and 5 Modes for Emergency and Outdoor Use -Camping Accessories -S1000, 2020/04/03,18.985
GearLight LED Flashlight Pack -2 Bright Zoomable Tactical Flashlights with High Lumens and 5 Modes for Emergency and Outdoor Use -Camping Accessories -S1000, 2020/04/04,19.646666666666665
GearLight LED Flashlight Pack -2 Bright Zoomable Tactical Flashlights with High Lumens and 5 Modes for Emergency and Outdoor Use -Camping Accessories -S1000, 2020/04/06,18.99
GearLight LED Flashlight Pack -2 Bright Zoomable Tactical Flashlights with High Lumens and 5 Modes for Emergency and Outdoor Use -Camping Accessories -S1000, 2020/04/13,18.985
GearLight LED Flashlight Pack -2 Bright Zoomable Tactical Flashlights with High Lumens and 5 Modes for Emergency and Outdoor Use -Camping Accessories -S1000, 2020/04/14,18.985
GearLight LED Flashlight Pack -2 Bright Zoomable Tactical Flashlights with High Lumens and 5 Modes for Emergency and Outdoor Use -Camping Accessories -S1000, 2020/06/01,19.99
GearLight LED Flashlight Pack -2 Bright Zoomable Tactical Flashlights with High Lumens and 5 Modes for Emergency and Outdoor Use -Camping Accessories -S1000, 2020/06/11,19.485
GearLight LED Flashlight Pack -2 Bright Zoomable Tactical Flashlights with High Lumens and 5 Modes for Emergency and Outdoor Use -Camping Accessories -S1000, 2020/06/12,19.485
GearLight LED Flashlight Pack -2 Bright Zoomable Tactical Flashlights with High Lumens and 5 Modes for Emergency and Outdoor Use -Camping Accessories -S1000, 2020/06/20,18.99
GearLight LED Flashlight Pack -2 Bright Zoomable Tactical Flashlights with High Lumens and 5 Modes for Emergency and Outdoor Use -Camping Accessories -S1000, 2020/06/29,15.99
GearLight LED Flashlight Pack -2 Bright Zoomable Tactical Flashlights with High Lumens and 5 Modes for Emergency and Outdoor Use -Camping Accessories -S1000, 2020/07/06,17.49
GearLight LED Flashlight Pack -2 Bright Zoomable Tactical Flashlights with High Lumens and 5 Modes for Emergency and Outdoor Use -Camping Accessories -S1000, 2020/07/27,16.99
GearLight LED Flashlight Pack -2 Bright Zoomable Tactical Flashlights with High Lumens and 5 Modes for Emergency and Outdoor Use -Camping Accessories -S1000, 2020/07/29,17.99
GearLight LED Flashlight Pack -2 Bright Zoomable Tactical Flashlights with High Lumens and 5 Modes for Emergency and Outdoor Use -Camping Accessories -S1000, 2020/08/03,16.99
GearLight LED Flashlight Pack -2 Bright Zoomable Tactical Flashlights with High Lumens and 5 Modes for Emergency and Outdoor Use -Camping Accessories -S1000, 2020/08/18,17.97
GearLight LED Flashlight Pack -2 Bright Zoomable Tactical Flashlights with High Lumens and 5 Modes for Emergency and Outdoor Use -Camping Accessories -S1000, 2020/08/26,16.99
GearLight LED Flashlight Pack -2 Bright Zoomable Tactical Flashlights with High Lumens and 5 Modes for Emergency and Outdoor Use -Camping Accessories -S1000, 2020/09/12,16.99
GearLight LED Flashlight Pack -2 Bright Zoomable Tactical Flashlights with High Lumens and 5 Modes for Emergency and Outdoor Use -Camping Accessories -S1000, 2020/10/19,16.49
GearLight LED Flashlight Pack -2 Bright Zoomable Tactical Flashlights with High Lumens and 5 Modes for Emergency and Outdoor Use -Camping Accessories -S1000, 2020/11/18,17.95
GearLight LED Flashlight Pack -2 Bright Zoomable Tactical Flashlights with High Lumens and 5 Modes for Emergency and Outdoor Use -Camping Accessories -S1000, 2020/11/23,17.99
GearLight LED Flashlight Pack -2 Bright Zoomable Tactical Flashlights with High Lumens and 5 Modes for Emergency and Outdoor Use -Camping Accessories -S1000, 2020/12/06,17.49
