Juvale 20-Pack Disposable Rain Ponchos Adults Emergency Waterproof Raincoat with Hood for Camping Hiking Sport or Outdoors 5 Colors (Pink Blue Yellow Green Clear) Individually Wrapped, 2020/01/26,14.99
Juvale 20-Pack Disposable Rain Ponchos Adults Emergency Waterproof Raincoat with Hood for Camping Hiking Sport or Outdoors 5 Colors (Pink Blue Yellow Green Clear) Individually Wrapped, 2020/03/16,14.99
Juvale 20-Pack Disposable Rain Ponchos Adults Emergency Waterproof Raincoat with Hood for Camping Hiking Sport or Outdoors 5 Colors (Pink Blue Yellow Green Clear) Individually Wrapped, 2020/03/21,14.99
Juvale 20-Pack Disposable Rain Ponchos Adults Emergency Waterproof Raincoat with Hood for Camping Hiking Sport or Outdoors 5 Colors (Pink Blue Yellow Green Clear) Individually Wrapped, 2020/03/23,14.99
Juvale 20-Pack Disposable Rain Ponchos Adults Emergency Waterproof Raincoat with Hood for Camping Hiking Sport or Outdoors 5 Colors (Pink Blue Yellow Green Clear) Individually Wrapped, 2020/03/31,14.99
Juvale 20-Pack Disposable Rain Ponchos Adults Emergency Waterproof Raincoat with Hood for Camping Hiking Sport or Outdoors 5 Colors (Pink Blue Yellow Green Clear) Individually Wrapped, 2020/04/05,14.99
Juvale 20-Pack Disposable Rain Ponchos Adults Emergency Waterproof Raincoat with Hood for Camping Hiking Sport or Outdoors 5 Colors (Pink Blue Yellow Green Clear) Individually Wrapped, 2020/04/25,14.99
Juvale 20-Pack Disposable Rain Ponchos Adults Emergency Waterproof Raincoat with Hood for Camping Hiking Sport or Outdoors 5 Colors (Pink Blue Yellow Green Clear) Individually Wrapped, 2020/05/01,14.99
Juvale 20-Pack Disposable Rain Ponchos Adults Emergency Waterproof Raincoat with Hood for Camping Hiking Sport or Outdoors 5 Colors (Pink Blue Yellow Green Clear) Individually Wrapped, 2020/05/15,16.89
Juvale 20-Pack Disposable Rain Ponchos Adults Emergency Waterproof Raincoat with Hood for Camping Hiking Sport or Outdoors 5 Colors (Pink Blue Yellow Green Clear) Individually Wrapped, 2020/05/17,14.99
Juvale 20-Pack Disposable Rain Ponchos Adults Emergency Waterproof Raincoat with Hood for Camping Hiking Sport or Outdoors 5 Colors (Pink Blue Yellow Green Clear) Individually Wrapped, 2020/06/30,15.99
Juvale 20-Pack Disposable Rain Ponchos Adults Emergency Waterproof Raincoat with Hood for Camping Hiking Sport or Outdoors 5 Colors (Pink Blue Yellow Green Clear) Individually Wrapped, 2020/07/21,14.99
Juvale 20-Pack Disposable Rain Ponchos Adults Emergency Waterproof Raincoat with Hood for Camping Hiking Sport or Outdoors 5 Colors (Pink Blue Yellow Green Clear) Individually Wrapped, 2020/10/26,14.99
Juvale 20-Pack Disposable Rain Ponchos Adults Emergency Waterproof Raincoat with Hood for Camping Hiking Sport or Outdoors 5 Colors (Pink Blue Yellow Green Clear) Individually Wrapped, 2020/10/29,14.99
Juvale 20-Pack Disposable Rain Ponchos Adults Emergency Waterproof Raincoat with Hood for Camping Hiking Sport or Outdoors 5 Colors (Pink Blue Yellow Green Clear) Individually Wrapped, 2020/10/30,14.99
Juvale 20-Pack Disposable Rain Ponchos Adults Emergency Waterproof Raincoat with Hood for Camping Hiking Sport or Outdoors 5 Colors (Pink Blue Yellow Green Clear) Individually Wrapped, 2020/10/31,14.99
Juvale 20-Pack Disposable Rain Ponchos Adults Emergency Waterproof Raincoat with Hood for Camping Hiking Sport or Outdoors 5 Colors (Pink Blue Yellow Green Clear) Individually Wrapped, 2020/11/06,14.99
Juvale 20-Pack Disposable Rain Ponchos Adults Emergency Waterproof Raincoat with Hood for Camping Hiking Sport or Outdoors 5 Colors (Pink Blue Yellow Green Clear) Individually Wrapped, 2020/11/18,14.99
Juvale 20-Pack Disposable Rain Ponchos Adults Emergency Waterproof Raincoat with Hood for Camping Hiking Sport or Outdoors 5 Colors (Pink Blue Yellow Green Clear) Individually Wrapped, 2020/11/21,14.99
Juvale 20-Pack Disposable Rain Ponchos Adults Emergency Waterproof Raincoat with Hood for Camping Hiking Sport or Outdoors 5 Colors (Pink Blue Yellow Green Clear) Individually Wrapped, 2020/11/25,14.99
