Portable Charger Power Bank 30800mAh LCD Display Power Bank25W PD Fast Charging +QC 4.0 Quick Phone Charging Power Bank Tri-Outputs Battery Pack Compatible with iPhoneAndroid etc, 2021/04/12,25.95
Portable Charger Power Bank 30800mAh LCD Display Power Bank25W PD Fast Charging +QC 4.0 Quick Phone Charging Power Bank Tri-Outputs Battery Pack Compatible with iPhoneAndroid etc, 2021/05/14,27.95
Portable Charger Power Bank 30800mAh LCD Display Power Bank25W PD Fast Charging +QC 4.0 Quick Phone Charging Power Bank Tri-Outputs Battery Pack Compatible with iPhoneAndroid etc, 2021/07/12,22.05
Portable Charger Power Bank 30800mAh LCD Display Power Bank25W PD Fast Charging +QC 4.0 Quick Phone Charging Power Bank Tri-Outputs Battery Pack Compatible with iPhoneAndroid etc, 2021/07/19,25.95
Portable Charger Power Bank 30800mAh LCD Display Power Bank25W PD Fast Charging +QC 4.0 Quick Phone Charging Power Bank Tri-Outputs Battery Pack Compatible with iPhoneAndroid etc, 2021/08/09,23.45
Portable Charger Power Bank 30800mAh LCD Display Power Bank25W PD Fast Charging +QC 4.0 Quick Phone Charging Power Bank Tri-Outputs Battery Pack Compatible with iPhoneAndroid etc, 2021/08/30,25.97
Portable Charger Power Bank 30800mAh LCD Display Power Bank25W PD Fast Charging +QC 4.0 Quick Phone Charging Power Bank Tri-Outputs Battery Pack Compatible with iPhoneAndroid etc, 2021/08/31,25.99
Portable Charger Power Bank 30800mAh LCD Display Power Bank25W PD Fast Charging +QC 4.0 Quick Phone Charging Power Bank Tri-Outputs Battery Pack Compatible with iPhoneAndroid etc, 2021/09/20,20.95
Portable Charger Power Bank 30800mAh LCD Display Power Bank25W PD Fast Charging +QC 4.0 Quick Phone Charging Power Bank Tri-Outputs Battery Pack Compatible with iPhoneAndroid etc, 2021/09/27,28.176666666666666
Portable Charger Power Bank 30800mAh LCD Display Power Bank25W PD Fast Charging +QC 4.0 Quick Phone Charging Power Bank Tri-Outputs Battery Pack Compatible with iPhoneAndroid etc, 2021/10/10,25.99
Portable Charger Power Bank 30800mAh LCD Display Power Bank25W PD Fast Charging +QC 4.0 Quick Phone Charging Power Bank Tri-Outputs Battery Pack Compatible with iPhoneAndroid etc, 2021/10/19,26.99
Portable Charger Power Bank 30800mAh LCD Display Power Bank25W PD Fast Charging +QC 4.0 Quick Phone Charging Power Bank Tri-Outputs Battery Pack Compatible with iPhoneAndroid etc, 2021/10/22,27.95
Portable Charger Power Bank 30800mAh LCD Display Power Bank25W PD Fast Charging +QC 4.0 Quick Phone Charging Power Bank Tri-Outputs Battery Pack Compatible with iPhoneAndroid etc, 2021/10/25,22.09
Portable Charger Power Bank 30800mAh LCD Display Power Bank25W PD Fast Charging +QC 4.0 Quick Phone Charging Power Bank Tri-Outputs Battery Pack Compatible with iPhoneAndroid etc, 2021/11/01,27.953333333333333
Portable Charger Power Bank 30800mAh LCD Display Power Bank25W PD Fast Charging +QC 4.0 Quick Phone Charging Power Bank Tri-Outputs Battery Pack Compatible with iPhoneAndroid etc, 2021/11/08,27.955
Portable Charger Power Bank 30800mAh LCD Display Power Bank25W PD Fast Charging +QC 4.0 Quick Phone Charging Power Bank Tri-Outputs Battery Pack Compatible with iPhoneAndroid etc, 2021/11/25,28.95
Portable Charger Power Bank 30800mAh LCD Display Power Bank25W PD Fast Charging +QC 4.0 Quick Phone Charging Power Bank Tri-Outputs Battery Pack Compatible with iPhoneAndroid etc, 2021/12/01,29.95
Portable Charger Power Bank 30800mAh LCD Display Power Bank25W PD Fast Charging +QC 4.0 Quick Phone Charging Power Bank Tri-Outputs Battery Pack Compatible with iPhoneAndroid etc, 2021/12/10,29.95
Portable Charger Power Bank 30800mAh LCD Display Power Bank25W PD Fast Charging +QC 4.0 Quick Phone Charging Power Bank Tri-Outputs Battery Pack Compatible with iPhoneAndroid etc, 2021/12/18,27.475
