Duracell - CopperTop AAA Alkaline Batteries - Long Lasting All-Purpose Triple A Battery for Household and Business - 24 Count, 2021/01/04,16.115
Duracell - CopperTop AAA Alkaline Batteries - Long Lasting All-Purpose Triple A Battery for Household and Business - 24 Count, 2021/01/05,15.05
Duracell - CopperTop AAA Alkaline Batteries - Long Lasting All-Purpose Triple A Battery for Household and Business - 24 Count, 2021/01/09,15.57
Duracell - CopperTop AAA Alkaline Batteries - Long Lasting All-Purpose Triple A Battery for Household and Business - 24 Count, 2021/01/12,15.0
Duracell - CopperTop AAA Alkaline Batteries - Long Lasting All-Purpose Triple A Battery for Household and Business - 24 Count, 2021/01/22,15.49
Duracell - CopperTop AAA Alkaline Batteries - Long Lasting All-Purpose Triple A Battery for Household and Business - 24 Count, 2021/01/23,15.25
Duracell - CopperTop AAA Alkaline Batteries - Long Lasting All-Purpose Triple A Battery for Household and Business - 24 Count, 2021/01/25,15.245000000000001
Duracell - CopperTop AAA Alkaline Batteries - Long Lasting All-Purpose Triple A Battery for Household and Business - 24 Count, 2021/01/31,14.745000000000001
Duracell - CopperTop AAA Alkaline Batteries - Long Lasting All-Purpose Triple A Battery for Household and Business - 24 Count, 2021/02/16,15.48
Duracell - CopperTop AAA Alkaline Batteries - Long Lasting All-Purpose Triple A Battery for Household and Business - 24 Count, 2021/02/18,15.49
Duracell - CopperTop AAA Alkaline Batteries - Long Lasting All-Purpose Triple A Battery for Household and Business - 24 Count, 2021/02/19,15.0
Duracell - CopperTop AAA Alkaline Batteries - Long Lasting All-Purpose Triple A Battery for Household and Business - 24 Count, 2021/02/22,15.49
Duracell - CopperTop AAA Alkaline Batteries - Long Lasting All-Purpose Triple A Battery for Household and Business - 24 Count, 2021/02/24,14.75
Duracell - CopperTop AAA Alkaline Batteries - Long Lasting All-Purpose Triple A Battery for Household and Business - 24 Count, 2021/02/25,15.49
Duracell - CopperTop AAA Alkaline Batteries - Long Lasting All-Purpose Triple A Battery for Household and Business - 24 Count, 2021/03/10,15.0
Duracell - CopperTop AAA Alkaline Batteries - Long Lasting All-Purpose Triple A Battery for Household and Business - 24 Count, 2021/03/12,14.98
Duracell - CopperTop AAA Alkaline Batteries - Long Lasting All-Purpose Triple A Battery for Household and Business - 24 Count, 2021/03/14,14.945
Duracell - CopperTop AAA Alkaline Batteries - Long Lasting All-Purpose Triple A Battery for Household and Business - 24 Count, 2021/03/15,14.145
Duracell - CopperTop AAA Alkaline Batteries - Long Lasting All-Purpose Triple A Battery for Household and Business - 24 Count, 2021/03/16,13.5
Duracell - CopperTop AAA Alkaline Batteries - Long Lasting All-Purpose Triple A Battery for Household and Business - 24 Count, 2021/03/17,12.870000000000001
Duracell - CopperTop AAA Alkaline Batteries - Long Lasting All-Purpose Triple A Battery for Household and Business - 24 Count, 2021/03/18,13.5
Duracell - CopperTop AAA Alkaline Batteries - Long Lasting All-Purpose Triple A Battery for Household and Business - 24 Count, 2021/03/19,13.19
Duracell - CopperTop AAA Alkaline Batteries - Long Lasting All-Purpose Triple A Battery for Household and Business - 24 Count, 2021/03/21,13.5
Duracell - CopperTop AAA Alkaline Batteries - Long Lasting All-Purpose Triple A Battery for Household and Business - 24 Count, 2021/03/22,14.5
Duracell - CopperTop AAA Alkaline Batteries - Long Lasting All-Purpose Triple A Battery for Household and Business - 24 Count, 2021/03/23,13.0
Duracell - CopperTop AAA Alkaline Batteries - Long Lasting All-Purpose Triple A Battery for Household and Business - 24 Count, 2021/03/24,12.99
Duracell - CopperTop AAA Alkaline Batteries - Long Lasting All-Purpose Triple A Battery for Household and Business - 24 Count, 2021/03/25,12.995000000000001
Duracell - CopperTop AAA Alkaline Batteries - Long Lasting All-Purpose Triple A Battery for Household and Business - 24 Count, 2021/03/26,12.49
Duracell - CopperTop AAA Alkaline Batteries - Long Lasting All-Purpose Triple A Battery for Household and Business - 24 Count, 2021/04/05,13.99
Duracell - CopperTop AAA Alkaline Batteries - Long Lasting All-Purpose Triple A Battery for Household and Business - 24 Count, 2021/04/06,13.24
Duracell - CopperTop AAA Alkaline Batteries - Long Lasting All-Purpose Triple A Battery for Household and Business - 24 Count, 2021/04/07,13.745000000000001
Duracell - CopperTop AAA Alkaline Batteries - Long Lasting All-Purpose Triple A Battery for Household and Business - 24 Count, 2021/04/08,14.826666666666668
Duracell - CopperTop AAA Alkaline Batteries - Long Lasting All-Purpose Triple A Battery for Household and Business - 24 Count, 2021/04/09,14.495000000000001
Duracell - CopperTop AAA Alkaline Batteries - Long Lasting All-Purpose Triple A Battery for Household and Business - 24 Count, 2021/04/10,13.5
Duracell - CopperTop AAA Alkaline Batteries - Long Lasting All-Purpose Triple A Battery for Household and Business - 24 Count, 2021/04/11,15.49
Duracell - CopperTop AAA Alkaline Batteries - Long Lasting All-Purpose Triple A Battery for Household and Business - 24 Count, 2021/04/12,14.5
Duracell - CopperTop AAA Alkaline Batteries - Long Lasting All-Purpose Triple A Battery for Household and Business - 24 Count, 2021/04/13,14.163333333333334
Duracell - CopperTop AAA Alkaline Batteries - Long Lasting All-Purpose Triple A Battery for Household and Business - 24 Count, 2021/04/14,14.242500000000001
Duracell - CopperTop AAA Alkaline Batteries - Long Lasting All-Purpose Triple A Battery for Household and Business - 24 Count, 2021/04/16,13.5
Duracell - CopperTop AAA Alkaline Batteries - Long Lasting All-Purpose Triple A Battery for Household and Business - 24 Count, 2021/04/19,14.065
Duracell - CopperTop AAA Alkaline Batteries - Long Lasting All-Purpose Triple A Battery for Household and Business - 24 Count, 2021/04/23,12.99
Duracell - CopperTop AAA Alkaline Batteries - Long Lasting All-Purpose Triple A Battery for Household and Business - 24 Count, 2021/04/26,13.73
Duracell - CopperTop AAA Alkaline Batteries - Long Lasting All-Purpose Triple A Battery for Household and Business - 24 Count, 2021/04/27,12.9775
Duracell - CopperTop AAA Alkaline Batteries - Long Lasting All-Purpose Triple A Battery for Household and Business - 24 Count, 2021/04/28,13.245000000000001
Duracell - CopperTop AAA Alkaline Batteries - Long Lasting All-Purpose Triple A Battery for Household and Business - 24 Count, 2021/04/29,14.99
Duracell - CopperTop AAA Alkaline Batteries - Long Lasting All-Purpose Triple A Battery for Household and Business - 24 Count, 2021/04/30,14.5
Duracell - CopperTop AAA Alkaline Batteries - Long Lasting All-Purpose Triple A Battery for Household and Business - 24 Count, 2021/05/04,13.99
Duracell - CopperTop AAA Alkaline Batteries - Long Lasting All-Purpose Triple A Battery for Household and Business - 24 Count, 2021/05/05,13.99
Duracell - CopperTop AAA Alkaline Batteries - Long Lasting All-Purpose Triple A Battery for Household and Business - 24 Count, 2021/05/06,13.99
Duracell - CopperTop AAA Alkaline Batteries - Long Lasting All-Purpose Triple A Battery for Household and Business - 24 Count, 2021/05/10,13.495000000000001
Duracell - CopperTop AAA Alkaline Batteries - Long Lasting All-Purpose Triple A Battery for Household and Business - 24 Count, 2021/05/11,14.5
Duracell - CopperTop AAA Alkaline Batteries - Long Lasting All-Purpose Triple A Battery for Household and Business - 24 Count, 2021/05/12,14.99
Duracell - CopperTop AAA Alkaline Batteries - Long Lasting All-Purpose Triple A Battery for Household and Business - 24 Count, 2021/05/14,13.745000000000001
Duracell - CopperTop AAA Alkaline Batteries - Long Lasting All-Purpose Triple A Battery for Household and Business - 24 Count, 2021/05/15,14.99
Duracell - CopperTop AAA Alkaline Batteries - Long Lasting All-Purpose Triple A Battery for Household and Business - 24 Count, 2021/05/18,13.99
Duracell - CopperTop AAA Alkaline Batteries - Long Lasting All-Purpose Triple A Battery for Household and Business - 24 Count, 2021/05/21,14.160000000000002
Duracell - CopperTop AAA Alkaline Batteries - Long Lasting All-Purpose Triple A Battery for Household and Business - 24 Count, 2021/05/24,14.826666666666668
Duracell - CopperTop AAA Alkaline Batteries - Long Lasting All-Purpose Triple A Battery for Household and Business - 24 Count, 2021/05/25,14.495000000000001
Duracell - CopperTop AAA Alkaline Batteries - Long Lasting All-Purpose Triple A Battery for Household and Business - 24 Count, 2021/05/28,14.0
Duracell - CopperTop AAA Alkaline Batteries - Long Lasting All-Purpose Triple A Battery for Household and Business - 24 Count, 2021/06/04,13.969999999999999
Duracell - CopperTop AAA Alkaline Batteries - Long Lasting All-Purpose Triple A Battery for Household and Business - 24 Count, 2021/06/05,13.94
Duracell - CopperTop AAA Alkaline Batteries - Long Lasting All-Purpose Triple A Battery for Household and Business - 24 Count, 2021/06/06,14.21
Duracell - CopperTop AAA Alkaline Batteries - Long Lasting All-Purpose Triple A Battery for Household and Business - 24 Count, 2021/06/07,14.376666666666665
Duracell - CopperTop AAA Alkaline Batteries - Long Lasting All-Purpose Triple A Battery for Household and Business - 24 Count, 2021/06/08,14.23
Duracell - CopperTop AAA Alkaline Batteries - Long Lasting All-Purpose Triple A Battery for Household and Business - 24 Count, 2021/06/09,14.018571428571429
Duracell - CopperTop AAA Alkaline Batteries - Long Lasting All-Purpose Triple A Battery for Household and Business - 24 Count, 2021/06/10,13.98
Duracell - CopperTop AAA Alkaline Batteries - Long Lasting All-Purpose Triple A Battery for Household and Business - 24 Count, 2021/06/11,14.735
Duracell - CopperTop AAA Alkaline Batteries - Long Lasting All-Purpose Triple A Battery for Household and Business - 24 Count, 2021/06/12,14.495000000000001
Duracell - CopperTop AAA Alkaline Batteries - Long Lasting All-Purpose Triple A Battery for Household and Business - 24 Count, 2021/06/13,14.735
Duracell - CopperTop AAA Alkaline Batteries - Long Lasting All-Purpose Triple A Battery for Household and Business - 24 Count, 2021/06/14,14.485
Duracell - CopperTop AAA Alkaline Batteries - Long Lasting All-Purpose Triple A Battery for Household and Business - 24 Count, 2021/06/15,14.485
Duracell - CopperTop AAA Alkaline Batteries - Long Lasting All-Purpose Triple A Battery for Household and Business - 24 Count, 2021/06/16,14.735
Duracell - CopperTop AAA Alkaline Batteries - Long Lasting All-Purpose Triple A Battery for Household and Business - 24 Count, 2021/06/17,12.422857142857143
Duracell - CopperTop AAA Alkaline Batteries - Long Lasting All-Purpose Triple A Battery for Household and Business - 24 Count, 2021/06/21,14.323333333333332
Duracell - CopperTop AAA Alkaline Batteries - Long Lasting All-Purpose Triple A Battery for Household and Business - 24 Count, 2021/06/22,13.965
Duracell - CopperTop AAA Alkaline Batteries - Long Lasting All-Purpose Triple A Battery for Household and Business - 24 Count, 2021/06/23,13.966
Duracell - CopperTop AAA Alkaline Batteries - Long Lasting All-Purpose Triple A Battery for Household and Business - 24 Count, 2021/06/24,13.96
Duracell - CopperTop AAA Alkaline Batteries - Long Lasting All-Purpose Triple A Battery for Household and Business - 24 Count, 2021/06/25,13.95
Duracell - CopperTop AAA Alkaline Batteries - Long Lasting All-Purpose Triple A Battery for Household and Business - 24 Count, 2021/06/26,13.745000000000001
Duracell - CopperTop AAA Alkaline Batteries - Long Lasting All-Purpose Triple A Battery for Household and Business - 24 Count, 2021/06/27,13.49
Duracell - CopperTop AAA Alkaline Batteries - Long Lasting All-Purpose Triple A Battery for Household and Business - 24 Count, 2021/06/28,12.34142857142857
Duracell - CopperTop AAA Alkaline Batteries - Long Lasting All-Purpose Triple A Battery for Household and Business - 24 Count, 2021/06/29,13.5
Duracell - CopperTop AAA Alkaline Batteries - Long Lasting All-Purpose Triple A Battery for Household and Business - 24 Count, 2021/07/05,14.61
Duracell - CopperTop AAA Alkaline Batteries - Long Lasting All-Purpose Triple A Battery for Household and Business - 24 Count, 2021/07/06,9.816666666666666
Duracell - CopperTop AAA Alkaline Batteries - Long Lasting All-Purpose Triple A Battery for Household and Business - 24 Count, 2021/07/07,13.495000000000001
Duracell - CopperTop AAA Alkaline Batteries - Long Lasting All-Purpose Triple A Battery for Household and Business - 24 Count, 2021/07/08,13.936666666666667
Duracell - CopperTop AAA Alkaline Batteries - Long Lasting All-Purpose Triple A Battery for Household and Business - 24 Count, 2021/07/09,14.495000000000001
Duracell - CopperTop AAA Alkaline Batteries - Long Lasting All-Purpose Triple A Battery for Household and Business - 24 Count, 2021/07/10,15.24
Duracell - CopperTop AAA Alkaline Batteries - Long Lasting All-Purpose Triple A Battery for Household and Business - 24 Count, 2021/07/11,13.5
Duracell - CopperTop AAA Alkaline Batteries - Long Lasting All-Purpose Triple A Battery for Household and Business - 24 Count, 2021/07/12,13.495000000000001
Duracell - CopperTop AAA Alkaline Batteries - Long Lasting All-Purpose Triple A Battery for Household and Business - 24 Count, 2021/07/13,13.48166666666667
Duracell - CopperTop AAA Alkaline Batteries - Long Lasting All-Purpose Triple A Battery for Household and Business - 24 Count, 2021/07/16,11.92
Duracell - CopperTop AAA Alkaline Batteries - Long Lasting All-Purpose Triple A Battery for Household and Business - 24 Count, 2021/07/19,14.423333333333334
Duracell - CopperTop AAA Alkaline Batteries - Long Lasting All-Purpose Triple A Battery for Household and Business - 24 Count, 2021/07/21,14.4
Duracell - CopperTop AAA Alkaline Batteries - Long Lasting All-Purpose Triple A Battery for Household and Business - 24 Count, 2021/07/22,13.913333333333334
Duracell - CopperTop AAA Alkaline Batteries - Long Lasting All-Purpose Triple A Battery for Household and Business - 24 Count, 2021/07/23,13.48
Duracell - CopperTop AAA Alkaline Batteries - Long Lasting All-Purpose Triple A Battery for Household and Business - 24 Count, 2021/07/26,13.451666666666666
Duracell - CopperTop AAA Alkaline Batteries - Long Lasting All-Purpose Triple A Battery for Household and Business - 24 Count, 2021/07/27,13.448333333333332
Duracell - CopperTop AAA Alkaline Batteries - Long Lasting All-Purpose Triple A Battery for Household and Business - 24 Count, 2021/07/28,13.495000000000001
Duracell - CopperTop AAA Alkaline Batteries - Long Lasting All-Purpose Triple A Battery for Household and Business - 24 Count, 2021/07/29,13.469999999999999
Duracell - CopperTop AAA Alkaline Batteries - Long Lasting All-Purpose Triple A Battery for Household and Business - 24 Count, 2021/07/30,13.453999999999999
Duracell - CopperTop AAA Alkaline Batteries - Long Lasting All-Purpose Triple A Battery for Household and Business - 24 Count, 2021/07/31,13.495000000000001
Duracell - CopperTop AAA Alkaline Batteries - Long Lasting All-Purpose Triple A Battery for Household and Business - 24 Count, 2021/08/01,13.495000000000001
Duracell - CopperTop AAA Alkaline Batteries - Long Lasting All-Purpose Triple A Battery for Household and Business - 24 Count, 2021/08/02,13.495000000000001
Duracell - CopperTop AAA Alkaline Batteries - Long Lasting All-Purpose Triple A Battery for Household and Business - 24 Count, 2021/08/03,13.495000000000001
Duracell - CopperTop AAA Alkaline Batteries - Long Lasting All-Purpose Triple A Battery for Household and Business - 24 Count, 2021/08/04,14.480000000000002
Duracell - CopperTop AAA Alkaline Batteries - Long Lasting All-Purpose Triple A Battery for Household and Business - 24 Count, 2021/08/05,13.48
Duracell - CopperTop AAA Alkaline Batteries - Long Lasting All-Purpose Triple A Battery for Household and Business - 24 Count, 2021/08/06,13.495000000000001
Duracell - CopperTop AAA Alkaline Batteries - Long Lasting All-Purpose Triple A Battery for Household and Business - 24 Count, 2021/08/07,13.495000000000001
Duracell - CopperTop AAA Alkaline Batteries - Long Lasting All-Purpose Triple A Battery for Household and Business - 24 Count, 2021/08/08,13.495000000000001
Duracell - CopperTop AAA Alkaline Batteries - Long Lasting All-Purpose Triple A Battery for Household and Business - 24 Count, 2021/08/09,13.723333333333331
Duracell - CopperTop AAA Alkaline Batteries - Long Lasting All-Purpose Triple A Battery for Household and Business - 24 Count, 2021/08/10,14.641666666666666
Duracell - CopperTop AAA Alkaline Batteries - Long Lasting All-Purpose Triple A Battery for Household and Business - 24 Count, 2021/08/11,13.916
Duracell - CopperTop AAA Alkaline Batteries - Long Lasting All-Purpose Triple A Battery for Household and Business - 24 Count, 2021/08/12,13.14
Duracell - CopperTop AAA Alkaline Batteries - Long Lasting All-Purpose Triple A Battery for Household and Business - 24 Count, 2021/08/13,13.953333333333333
Duracell - CopperTop AAA Alkaline Batteries - Long Lasting All-Purpose Triple A Battery for Household and Business - 24 Count, 2021/08/14,14.422000000000002
Duracell - CopperTop AAA Alkaline Batteries - Long Lasting All-Purpose Triple A Battery for Household and Business - 24 Count, 2021/08/15,14.28
Duracell - CopperTop AAA Alkaline Batteries - Long Lasting All-Purpose Triple A Battery for Household and Business - 24 Count, 2021/08/16,14.322000000000003
Duracell - CopperTop AAA Alkaline Batteries - Long Lasting All-Purpose Triple A Battery for Household and Business - 24 Count, 2021/08/17,13.862
Duracell - CopperTop AAA Alkaline Batteries - Long Lasting All-Purpose Triple A Battery for Household and Business - 24 Count, 2021/08/18,14.719999999999999
Duracell - CopperTop AAA Alkaline Batteries - Long Lasting All-Purpose Triple A Battery for Household and Business - 24 Count, 2021/08/19,14.42
Duracell - CopperTop AAA Alkaline Batteries - Long Lasting All-Purpose Triple A Battery for Household and Business - 24 Count, 2021/08/20,14.193333333333333
Duracell - CopperTop AAA Alkaline Batteries - Long Lasting All-Purpose Triple A Battery for Household and Business - 24 Count, 2021/08/21,13.995000000000001
Duracell - CopperTop AAA Alkaline Batteries - Long Lasting All-Purpose Triple A Battery for Household and Business - 24 Count, 2021/08/22,13.44
Duracell - CopperTop AAA Alkaline Batteries - Long Lasting All-Purpose Triple A Battery for Household and Business - 24 Count, 2021/08/23,13.790000000000001
Duracell - CopperTop AAA Alkaline Batteries - Long Lasting All-Purpose Triple A Battery for Household and Business - 24 Count, 2021/08/24,14.575999999999999
Duracell - CopperTop AAA Alkaline Batteries - Long Lasting All-Purpose Triple A Battery for Household and Business - 24 Count, 2021/08/25,14.62
Duracell - CopperTop AAA Alkaline Batteries - Long Lasting All-Purpose Triple A Battery for Household and Business - 24 Count, 2021/08/26,14.426666666666668
Duracell - CopperTop AAA Alkaline Batteries - Long Lasting All-Purpose Triple A Battery for Household and Business - 24 Count, 2021/08/27,13.99
Duracell - CopperTop AAA Alkaline Batteries - Long Lasting All-Purpose Triple A Battery for Household and Business - 24 Count, 2021/08/28,13.995000000000001
Duracell - CopperTop AAA Alkaline Batteries - Long Lasting All-Purpose Triple A Battery for Household and Business - 24 Count, 2021/08/29,14.326666666666668
Duracell - CopperTop AAA Alkaline Batteries - Long Lasting All-Purpose Triple A Battery for Household and Business - 24 Count, 2021/08/30,14.975000000000001
Duracell - CopperTop AAA Alkaline Batteries - Long Lasting All-Purpose Triple A Battery for Household and Business - 24 Count, 2021/08/31,14.813333333333334
Duracell - CopperTop AAA Alkaline Batteries - Long Lasting All-Purpose Triple A Battery for Household and Business - 24 Count, 2021/09/01,14.495000000000001
Duracell - CopperTop AAA Alkaline Batteries - Long Lasting All-Purpose Triple A Battery for Household and Business - 24 Count, 2021/09/02,14.47
Duracell - CopperTop AAA Alkaline Batteries - Long Lasting All-Purpose Triple A Battery for Household and Business - 24 Count, 2021/09/03,14.455
Duracell - CopperTop AAA Alkaline Batteries - Long Lasting All-Purpose Triple A Battery for Household and Business - 24 Count, 2021/09/04,14.455
Duracell - CopperTop AAA Alkaline Batteries - Long Lasting All-Purpose Triple A Battery for Household and Business - 24 Count, 2021/09/05,14.455
Duracell - CopperTop AAA Alkaline Batteries - Long Lasting All-Purpose Triple A Battery for Household and Business - 24 Count, 2021/09/06,14.299999999999999
Duracell - CopperTop AAA Alkaline Batteries - Long Lasting All-Purpose Triple A Battery for Household and Business - 24 Count, 2021/09/07,14.475999999999999
Duracell - CopperTop AAA Alkaline Batteries - Long Lasting All-Purpose Triple A Battery for Household and Business - 24 Count, 2021/09/08,14.98
Duracell - CopperTop AAA Alkaline Batteries - Long Lasting All-Purpose Triple A Battery for Household and Business - 24 Count, 2021/09/09,14.96
Duracell - CopperTop AAA Alkaline Batteries - Long Lasting All-Purpose Triple A Battery for Household and Business - 24 Count, 2021/09/10,14.965
Duracell - CopperTop AAA Alkaline Batteries - Long Lasting All-Purpose Triple A Battery for Household and Business - 24 Count, 2021/09/11,14.959999999999999
Duracell - CopperTop AAA Alkaline Batteries - Long Lasting All-Purpose Triple A Battery for Household and Business - 24 Count, 2021/09/12,15.133333333333333
Duracell - CopperTop AAA Alkaline Batteries - Long Lasting All-Purpose Triple A Battery for Household and Business - 24 Count, 2021/09/13,15.043333333333335
Duracell - CopperTop AAA Alkaline Batteries - Long Lasting All-Purpose Triple A Battery for Household and Business - 24 Count, 2021/09/14,15.133333333333333
Duracell - CopperTop AAA Alkaline Batteries - Long Lasting All-Purpose Triple A Battery for Household and Business - 24 Count, 2021/09/15,15.235
Duracell - CopperTop AAA Alkaline Batteries - Long Lasting All-Purpose Triple A Battery for Household and Business - 24 Count, 2021/09/20,14.99
Duracell - CopperTop AAA Alkaline Batteries - Long Lasting All-Purpose Triple A Battery for Household and Business - 24 Count, 2021/09/21,15.290000000000001
Duracell - CopperTop AAA Alkaline Batteries - Long Lasting All-Purpose Triple A Battery for Household and Business - 24 Count, 2021/09/22,14.948000000000002
Duracell - CopperTop AAA Alkaline Batteries - Long Lasting All-Purpose Triple A Battery for Household and Business - 24 Count, 2021/09/24,15.123333333333335
Duracell - CopperTop AAA Alkaline Batteries - Long Lasting All-Purpose Triple A Battery for Household and Business - 24 Count, 2021/09/26,14.985
Duracell - CopperTop AAA Alkaline Batteries - Long Lasting All-Purpose Triple A Battery for Household and Business - 24 Count, 2021/09/27,15.1075
Duracell - CopperTop AAA Alkaline Batteries - Long Lasting All-Purpose Triple A Battery for Household and Business - 24 Count, 2021/09/28,14.335
Duracell - CopperTop AAA Alkaline Batteries - Long Lasting All-Purpose Triple A Battery for Household and Business - 24 Count, 2021/09/29,14.564000000000002
Duracell - CopperTop AAA Alkaline Batteries - Long Lasting All-Purpose Triple A Battery for Household and Business - 24 Count, 2021/09/30,14.271428571428572
Duracell - CopperTop AAA Alkaline Batteries - Long Lasting All-Purpose Triple A Battery for Household and Business - 24 Count, 2021/10/01,14.495000000000001
Duracell - CopperTop AAA Alkaline Batteries - Long Lasting All-Purpose Triple A Battery for Household and Business - 24 Count, 2021/10/02,13.578333333333333
Duracell - CopperTop AAA Alkaline Batteries - Long Lasting All-Purpose Triple A Battery for Household and Business - 24 Count, 2021/10/03,13.995
Duracell - CopperTop AAA Alkaline Batteries - Long Lasting All-Purpose Triple A Battery for Household and Business - 24 Count, 2021/10/04,14.38833333333333
Duracell - CopperTop AAA Alkaline Batteries - Long Lasting All-Purpose Triple A Battery for Household and Business - 24 Count, 2021/10/06,14.29
Duracell - CopperTop AAA Alkaline Batteries - Long Lasting All-Purpose Triple A Battery for Household and Business - 24 Count, 2021/10/07,10.790833333333333
Duracell - CopperTop AAA Alkaline Batteries - Long Lasting All-Purpose Triple A Battery for Household and Business - 24 Count, 2021/10/08,14.29
Duracell - CopperTop AAA Alkaline Batteries - Long Lasting All-Purpose Triple A Battery for Household and Business - 24 Count, 2021/10/10,13.64
Duracell - CopperTop AAA Alkaline Batteries - Long Lasting All-Purpose Triple A Battery for Household and Business - 24 Count, 2021/10/11,13.135
Duracell - CopperTop AAA Alkaline Batteries - Long Lasting All-Purpose Triple A Battery for Household and Business - 24 Count, 2021/10/12,13.409999999999998
Duracell - CopperTop AAA Alkaline Batteries - Long Lasting All-Purpose Triple A Battery for Household and Business - 24 Count, 2021/10/13,14.166666666666666
Duracell - CopperTop AAA Alkaline Batteries - Long Lasting All-Purpose Triple A Battery for Household and Business - 24 Count, 2021/10/14,14.295
Duracell - CopperTop AAA Alkaline Batteries - Long Lasting All-Purpose Triple A Battery for Household and Business - 24 Count, 2021/10/15,13.513749999999998
Duracell - CopperTop AAA Alkaline Batteries - Long Lasting All-Purpose Triple A Battery for Household and Business - 24 Count, 2021/10/16,13.150833333333333
Duracell - CopperTop AAA Alkaline Batteries - Long Lasting All-Purpose Triple A Battery for Household and Business - 24 Count, 2021/10/17,12.002142857142857
Duracell - CopperTop AAA Alkaline Batteries - Long Lasting All-Purpose Triple A Battery for Household and Business - 24 Count, 2021/10/18,12.84375
Duracell - CopperTop AAA Alkaline Batteries - Long Lasting All-Purpose Triple A Battery for Household and Business - 24 Count, 2021/10/19,12.559000000000001
Duracell - CopperTop AAA Alkaline Batteries - Long Lasting All-Purpose Triple A Battery for Household and Business - 24 Count, 2021/10/20,12.326363636363636
Duracell - CopperTop AAA Alkaline Batteries - Long Lasting All-Purpose Triple A Battery for Household and Business - 24 Count, 2021/10/21,12.295
Duracell - CopperTop AAA Alkaline Batteries - Long Lasting All-Purpose Triple A Battery for Household and Business - 24 Count, 2021/10/22,12.495000000000001
Duracell - CopperTop AAA Alkaline Batteries - Long Lasting All-Purpose Triple A Battery for Household and Business - 24 Count, 2021/11/02,14.74
Duracell - CopperTop AAA Alkaline Batteries - Long Lasting All-Purpose Triple A Battery for Household and Business - 24 Count, 2021/11/03,14.908333333333331
Duracell - CopperTop AAA Alkaline Batteries - Long Lasting All-Purpose Triple A Battery for Household and Business - 24 Count, 2021/11/04,14.719999999999999
Duracell - CopperTop AAA Alkaline Batteries - Long Lasting All-Purpose Triple A Battery for Household and Business - 24 Count, 2021/11/05,14.967500000000001
Duracell - CopperTop AAA Alkaline Batteries - Long Lasting All-Purpose Triple A Battery for Household and Business - 24 Count, 2021/11/06,15.235999999999999
Duracell - CopperTop AAA Alkaline Batteries - Long Lasting All-Purpose Triple A Battery for Household and Business - 24 Count, 2021/11/07,15.06916666666667
Duracell - CopperTop AAA Alkaline Batteries - Long Lasting All-Purpose Triple A Battery for Household and Business - 24 Count, 2021/11/08,15.035714285714283
Duracell - CopperTop AAA Alkaline Batteries - Long Lasting All-Purpose Triple A Battery for Household and Business - 24 Count, 2021/11/09,13.858888888888888
Duracell - CopperTop AAA Alkaline Batteries - Long Lasting All-Purpose Triple A Battery for Household and Business - 24 Count, 2021/11/10,14.57
Duracell - CopperTop AAA Alkaline Batteries - Long Lasting All-Purpose Triple A Battery for Household and Business - 24 Count, 2021/11/11,14.925454545454546
Duracell - CopperTop AAA Alkaline Batteries - Long Lasting All-Purpose Triple A Battery for Household and Business - 24 Count, 2021/11/12,14.595
Duracell - CopperTop AAA Alkaline Batteries - Long Lasting All-Purpose Triple A Battery for Household and Business - 24 Count, 2021/11/13,14.844285714285714
Duracell - CopperTop AAA Alkaline Batteries - Long Lasting All-Purpose Triple A Battery for Household and Business - 24 Count, 2021/11/14,15.11
Duracell - CopperTop AAA Alkaline Batteries - Long Lasting All-Purpose Triple A Battery for Household and Business - 24 Count, 2021/11/15,14.495000000000001
Duracell - CopperTop AAA Alkaline Batteries - Long Lasting All-Purpose Triple A Battery for Household and Business - 24 Count, 2021/11/16,14.493333333333334
Duracell - CopperTop AAA Alkaline Batteries - Long Lasting All-Purpose Triple A Battery for Household and Business - 24 Count, 2021/11/17,14.72375
Duracell - CopperTop AAA Alkaline Batteries - Long Lasting All-Purpose Triple A Battery for Household and Business - 24 Count, 2021/11/18,13.924999999999999
Duracell - CopperTop AAA Alkaline Batteries - Long Lasting All-Purpose Triple A Battery for Household and Business - 24 Count, 2021/11/19,14.403636363636364
Duracell - CopperTop AAA Alkaline Batteries - Long Lasting All-Purpose Triple A Battery for Household and Business - 24 Count, 2021/11/20,14.34
Duracell - CopperTop AAA Alkaline Batteries - Long Lasting All-Purpose Triple A Battery for Household and Business - 24 Count, 2021/11/21,14.983333333333334
Duracell - CopperTop AAA Alkaline Batteries - Long Lasting All-Purpose Triple A Battery for Household and Business - 24 Count, 2021/11/22,14.908235294117647
Duracell - CopperTop AAA Alkaline Batteries - Long Lasting All-Purpose Triple A Battery for Household and Business - 24 Count, 2021/11/23,14.571666666666667
Duracell - CopperTop AAA Alkaline Batteries - Long Lasting All-Purpose Triple A Battery for Household and Business - 24 Count, 2021/11/24,14.702000000000002
Duracell - CopperTop AAA Alkaline Batteries - Long Lasting All-Purpose Triple A Battery for Household and Business - 24 Count, 2021/11/25,14.555
Duracell - CopperTop AAA Alkaline Batteries - Long Lasting All-Purpose Triple A Battery for Household and Business - 24 Count, 2021/11/26,14.409230769230769
Duracell - CopperTop AAA Alkaline Batteries - Long Lasting All-Purpose Triple A Battery for Household and Business - 24 Count, 2021/11/27,14.535
Duracell - CopperTop AAA Alkaline Batteries - Long Lasting All-Purpose Triple A Battery for Household and Business - 24 Count, 2021/11/28,14.886666666666665
Duracell - CopperTop AAA Alkaline Batteries - Long Lasting All-Purpose Triple A Battery for Household and Business - 24 Count, 2021/11/29,15.219999999999999
Duracell - CopperTop AAA Alkaline Batteries - Long Lasting All-Purpose Triple A Battery for Household and Business - 24 Count, 2021/11/30,15.415
Duracell - CopperTop AAA Alkaline Batteries - Long Lasting All-Purpose Triple A Battery for Household and Business - 24 Count, 2021/12/01,15.195
Duracell - CopperTop AAA Alkaline Batteries - Long Lasting All-Purpose Triple A Battery for Household and Business - 24 Count, 2021/12/02,15.195
Duracell - CopperTop AAA Alkaline Batteries - Long Lasting All-Purpose Triple A Battery for Household and Business - 24 Count, 2021/12/03,15.309999999999999
Duracell - CopperTop AAA Alkaline Batteries - Long Lasting All-Purpose Triple A Battery for Household and Business - 24 Count, 2021/12/04,15.385000000000002
Duracell - CopperTop AAA Alkaline Batteries - Long Lasting All-Purpose Triple A Battery for Household and Business - 24 Count, 2021/12/05,15.38
Duracell - CopperTop AAA Alkaline Batteries - Long Lasting All-Purpose Triple A Battery for Household and Business - 24 Count, 2021/12/06,15.37
Duracell - CopperTop AAA Alkaline Batteries - Long Lasting All-Purpose Triple A Battery for Household and Business - 24 Count, 2021/12/07,15.001428571428573
Duracell - CopperTop AAA Alkaline Batteries - Long Lasting All-Purpose Triple A Battery for Household and Business - 24 Count, 2021/12/08,14.813333333333334
Duracell - CopperTop AAA Alkaline Batteries - Long Lasting All-Purpose Triple A Battery for Household and Business - 24 Count, 2021/12/09,15.123333333333335
Duracell - CopperTop AAA Alkaline Batteries - Long Lasting All-Purpose Triple A Battery for Household and Business - 24 Count, 2021/12/13,14.356666666666667
Duracell - CopperTop AAA Alkaline Batteries - Long Lasting All-Purpose Triple A Battery for Household and Business - 24 Count, 2021/12/14,14.733333333333334
Duracell - CopperTop AAA Alkaline Batteries - Long Lasting All-Purpose Triple A Battery for Household and Business - 24 Count, 2021/12/16,14.99
Duracell - CopperTop AAA Alkaline Batteries - Long Lasting All-Purpose Triple A Battery for Household and Business - 24 Count, 2021/12/17,14.726666666666667
Duracell - CopperTop AAA Alkaline Batteries - Long Lasting All-Purpose Triple A Battery for Household and Business - 24 Count, 2021/12/19,14.326666666666666
Duracell - CopperTop AAA Alkaline Batteries - Long Lasting All-Purpose Triple A Battery for Household and Business - 24 Count, 2021/12/20,14.30875
Duracell - CopperTop AAA Alkaline Batteries - Long Lasting All-Purpose Triple A Battery for Household and Business - 24 Count, 2021/12/21,14.254999999999999
Duracell - CopperTop AAA Alkaline Batteries - Long Lasting All-Purpose Triple A Battery for Household and Business - 24 Count, 2021/12/22,14.228571428571428
Duracell - CopperTop AAA Alkaline Batteries - Long Lasting All-Purpose Triple A Battery for Household and Business - 24 Count, 2021/12/23,14.171428571428573
Duracell - CopperTop AAA Alkaline Batteries - Long Lasting All-Purpose Triple A Battery for Household and Business - 24 Count, 2021/12/24,14.143333333333333
Duracell - CopperTop AAA Alkaline Batteries - Long Lasting All-Purpose Triple A Battery for Household and Business - 24 Count, 2021/12/25,14.69
Duracell - CopperTop AAA Alkaline Batteries - Long Lasting All-Purpose Triple A Battery for Household and Business - 24 Count, 2021/12/26,14.176666666666668
Duracell - CopperTop AAA Alkaline Batteries - Long Lasting All-Purpose Triple A Battery for Household and Business - 24 Count, 2021/12/27,15.49
Duracell - CopperTop AAA Alkaline Batteries - Long Lasting All-Purpose Triple A Battery for Household and Business - 24 Count, 2021/12/28,15.1325
Duracell - CopperTop AAA Alkaline Batteries - Long Lasting All-Purpose Triple A Battery for Household and Business - 24 Count, 2021/12/29,14.97625
Duracell - CopperTop AAA Alkaline Batteries - Long Lasting All-Purpose Triple A Battery for Household and Business - 24 Count, 2021/12/30,14.545
