Compact First Aid Kit (228pcs) Designed for Family Emergency Care. Waterproof EVA Case and Bag is Ideal for The Car Home Boat School Camping Hiking Office Sports. Protect Your Loved Ones., 2021/04/06,32.95
Compact First Aid Kit (228pcs) Designed for Family Emergency Care. Waterproof EVA Case and Bag is Ideal for The Car Home Boat School Camping Hiking Office Sports. Protect Your Loved Ones., 2021/04/09,32.95
Compact First Aid Kit (228pcs) Designed for Family Emergency Care. Waterproof EVA Case and Bag is Ideal for The Car Home Boat School Camping Hiking Office Sports. Protect Your Loved Ones., 2021/04/17,32.95
Compact First Aid Kit (228pcs) Designed for Family Emergency Care. Waterproof EVA Case and Bag is Ideal for The Car Home Boat School Camping Hiking Office Sports. Protect Your Loved Ones., 2021/04/28,30.810000000000002
Compact First Aid Kit (228pcs) Designed for Family Emergency Care. Waterproof EVA Case and Bag is Ideal for The Car Home Boat School Camping Hiking Office Sports. Protect Your Loved Ones., 2021/05/24,18.99
Compact First Aid Kit (228pcs) Designed for Family Emergency Care. Waterproof EVA Case and Bag is Ideal for The Car Home Boat School Camping Hiking Office Sports. Protect Your Loved Ones., 2021/05/25,32.95
Compact First Aid Kit (228pcs) Designed for Family Emergency Care. Waterproof EVA Case and Bag is Ideal for The Car Home Boat School Camping Hiking Office Sports. Protect Your Loved Ones., 2021/05/30,30.810000000000002
Compact First Aid Kit (228pcs) Designed for Family Emergency Care. Waterproof EVA Case and Bag is Ideal for The Car Home Boat School Camping Hiking Office Sports. Protect Your Loved Ones., 2021/06/17,30.810000000000002
Compact First Aid Kit (228pcs) Designed for Family Emergency Care. Waterproof EVA Case and Bag is Ideal for The Car Home Boat School Camping Hiking Office Sports. Protect Your Loved Ones., 2021/06/24,30.810000000000002
Compact First Aid Kit (228pcs) Designed for Family Emergency Care. Waterproof EVA Case and Bag is Ideal for The Car Home Boat School Camping Hiking Office Sports. Protect Your Loved Ones., 2021/07/07,32.95
Compact First Aid Kit (228pcs) Designed for Family Emergency Care. Waterproof EVA Case and Bag is Ideal for The Car Home Boat School Camping Hiking Office Sports. Protect Your Loved Ones., 2021/07/23,30.810000000000002
Compact First Aid Kit (228pcs) Designed for Family Emergency Care. Waterproof EVA Case and Bag is Ideal for The Car Home Boat School Camping Hiking Office Sports. Protect Your Loved Ones., 2021/07/31,30.810000000000002
Compact First Aid Kit (228pcs) Designed for Family Emergency Care. Waterproof EVA Case and Bag is Ideal for The Car Home Boat School Camping Hiking Office Sports. Protect Your Loved Ones., 2021/08/02,21.674999999999997
Compact First Aid Kit (228pcs) Designed for Family Emergency Care. Waterproof EVA Case and Bag is Ideal for The Car Home Boat School Camping Hiking Office Sports. Protect Your Loved Ones., 2021/08/09,32.95
Compact First Aid Kit (228pcs) Designed for Family Emergency Care. Waterproof EVA Case and Bag is Ideal for The Car Home Boat School Camping Hiking Office Sports. Protect Your Loved Ones., 2021/08/29,30.810000000000002
Compact First Aid Kit (228pcs) Designed for Family Emergency Care. Waterproof EVA Case and Bag is Ideal for The Car Home Boat School Camping Hiking Office Sports. Protect Your Loved Ones., 2021/09/06,20.7
Compact First Aid Kit (228pcs) Designed for Family Emergency Care. Waterproof EVA Case and Bag is Ideal for The Car Home Boat School Camping Hiking Office Sports. Protect Your Loved Ones., 2021/09/13,31.523333333333337
Compact First Aid Kit (228pcs) Designed for Family Emergency Care. Waterproof EVA Case and Bag is Ideal for The Car Home Boat School Camping Hiking Office Sports. Protect Your Loved Ones., 2021/09/22,32.95
Compact First Aid Kit (228pcs) Designed for Family Emergency Care. Waterproof EVA Case and Bag is Ideal for The Car Home Boat School Camping Hiking Office Sports. Protect Your Loved Ones., 2021/10/08,30.810000000000002
Compact First Aid Kit (228pcs) Designed for Family Emergency Care. Waterproof EVA Case and Bag is Ideal for The Car Home Boat School Camping Hiking Office Sports. Protect Your Loved Ones., 2021/10/10,30.810000000000002
Compact First Aid Kit (228pcs) Designed for Family Emergency Care. Waterproof EVA Case and Bag is Ideal for The Car Home Boat School Camping Hiking Office Sports. Protect Your Loved Ones., 2021/10/11,20.7
Compact First Aid Kit (228pcs) Designed for Family Emergency Care. Waterproof EVA Case and Bag is Ideal for The Car Home Boat School Camping Hiking Office Sports. Protect Your Loved Ones., 2021/10/18,32.95
Compact First Aid Kit (228pcs) Designed for Family Emergency Care. Waterproof EVA Case and Bag is Ideal for The Car Home Boat School Camping Hiking Office Sports. Protect Your Loved Ones., 2021/10/26,29.0
Compact First Aid Kit (228pcs) Designed for Family Emergency Care. Waterproof EVA Case and Bag is Ideal for The Car Home Boat School Camping Hiking Office Sports. Protect Your Loved Ones., 2021/10/27,29.95
Compact First Aid Kit (228pcs) Designed for Family Emergency Care. Waterproof EVA Case and Bag is Ideal for The Car Home Boat School Camping Hiking Office Sports. Protect Your Loved Ones., 2021/10/31,32.95
Compact First Aid Kit (228pcs) Designed for Family Emergency Care. Waterproof EVA Case and Bag is Ideal for The Car Home Boat School Camping Hiking Office Sports. Protect Your Loved Ones., 2021/11/15,24.36
Compact First Aid Kit (228pcs) Designed for Family Emergency Care. Waterproof EVA Case and Bag is Ideal for The Car Home Boat School Camping Hiking Office Sports. Protect Your Loved Ones., 2021/11/22,32.95
Compact First Aid Kit (228pcs) Designed for Family Emergency Care. Waterproof EVA Case and Bag is Ideal for The Car Home Boat School Camping Hiking Office Sports. Protect Your Loved Ones., 2021/12/05,30.096666666666668
Compact First Aid Kit (228pcs) Designed for Family Emergency Care. Waterproof EVA Case and Bag is Ideal for The Car Home Boat School Camping Hiking Office Sports. Protect Your Loved Ones., 2021/12/06,32.95
Compact First Aid Kit (228pcs) Designed for Family Emergency Care. Waterproof EVA Case and Bag is Ideal for The Car Home Boat School Camping Hiking Office Sports. Protect Your Loved Ones., 2021/12/20,24.36
Compact First Aid Kit (228pcs) Designed for Family Emergency Care. Waterproof EVA Case and Bag is Ideal for The Car Home Boat School Camping Hiking Office Sports. Protect Your Loved Ones., 2021/12/27,32.95
