Gatorade Classic Thirst Quencher Variety Pack 12 Fl Oz (Pack of 24), 2021/01/10,32.99
Gatorade Classic Thirst Quencher Variety Pack 12 Fl Oz (Pack of 24), 2021/01/11,28.593333333333334
Gatorade Classic Thirst Quencher Variety Pack 12 Fl Oz (Pack of 24), 2021/01/12,11.85
Gatorade Classic Thirst Quencher Variety Pack 12 Fl Oz (Pack of 24), 2021/01/13,12.696666666666667
Gatorade Classic Thirst Quencher Variety Pack 12 Fl Oz (Pack of 24), 2021/01/14,12.572000000000001
Gatorade Classic Thirst Quencher Variety Pack 12 Fl Oz (Pack of 24), 2021/01/15,23.403333333333332
Gatorade Classic Thirst Quencher Variety Pack 12 Fl Oz (Pack of 24), 2021/01/16,27.4275
Gatorade Classic Thirst Quencher Variety Pack 12 Fl Oz (Pack of 24), 2021/01/17,25.354
Gatorade Classic Thirst Quencher Variety Pack 12 Fl Oz (Pack of 24), 2021/01/18,22.403333333333332
Gatorade Classic Thirst Quencher Variety Pack 12 Fl Oz (Pack of 24), 2021/01/19,12.51857142857143
Gatorade Classic Thirst Quencher Variety Pack 12 Fl Oz (Pack of 24), 2021/01/20,12.05
Gatorade Classic Thirst Quencher Variety Pack 12 Fl Oz (Pack of 24), 2021/01/24,13.99
Gatorade Classic Thirst Quencher Variety Pack 12 Fl Oz (Pack of 24), 2021/01/26,12.385
Gatorade Classic Thirst Quencher Variety Pack 12 Fl Oz (Pack of 24), 2021/01/28,10.78
Gatorade Classic Thirst Quencher Variety Pack 12 Fl Oz (Pack of 24), 2021/01/29,16.906666666666666
Gatorade Classic Thirst Quencher Variety Pack 12 Fl Oz (Pack of 24), 2021/01/30,16.648333333333333
Gatorade Classic Thirst Quencher Variety Pack 12 Fl Oz (Pack of 24), 2021/01/31,25.0775
Gatorade Classic Thirst Quencher Variety Pack 12 Fl Oz (Pack of 24), 2021/02/01,26.4
Gatorade Classic Thirst Quencher Variety Pack 12 Fl Oz (Pack of 24), 2021/02/02,26.435000000000002
Gatorade Classic Thirst Quencher Variety Pack 12 Fl Oz (Pack of 24), 2021/02/03,25.866666666666664
Gatorade Classic Thirst Quencher Variety Pack 12 Fl Oz (Pack of 24), 2021/02/04,22.443333333333335
Gatorade Classic Thirst Quencher Variety Pack 12 Fl Oz (Pack of 24), 2021/02/05,25.286666666666665
Gatorade Classic Thirst Quencher Variety Pack 12 Fl Oz (Pack of 24), 2021/02/06,23.114
Gatorade Classic Thirst Quencher Variety Pack 12 Fl Oz (Pack of 24), 2021/02/07,24.238749999999996
Gatorade Classic Thirst Quencher Variety Pack 12 Fl Oz (Pack of 24), 2021/02/08,22.2225
Gatorade Classic Thirst Quencher Variety Pack 12 Fl Oz (Pack of 24), 2021/02/09,21.38285714285714
Gatorade Classic Thirst Quencher Variety Pack 12 Fl Oz (Pack of 24), 2021/02/10,15.989999999999998
Gatorade Classic Thirst Quencher Variety Pack 12 Fl Oz (Pack of 24), 2021/02/12,12.05
Gatorade Classic Thirst Quencher Variety Pack 12 Fl Oz (Pack of 24), 2021/02/15,17.111818181818183
Gatorade Classic Thirst Quencher Variety Pack 12 Fl Oz (Pack of 24), 2021/02/16,19.746
Gatorade Classic Thirst Quencher Variety Pack 12 Fl Oz (Pack of 24), 2021/02/19,34.74
Gatorade Classic Thirst Quencher Variety Pack 12 Fl Oz (Pack of 24), 2021/02/20,32.49
Gatorade Classic Thirst Quencher Variety Pack 12 Fl Oz (Pack of 24), 2021/02/21,32.99
Gatorade Classic Thirst Quencher Variety Pack 12 Fl Oz (Pack of 24), 2021/02/22,30.904285714285717
Gatorade Classic Thirst Quencher Variety Pack 12 Fl Oz (Pack of 24), 2021/02/23,25.992
Gatorade Classic Thirst Quencher Variety Pack 12 Fl Oz (Pack of 24), 2021/02/24,26.2025
Gatorade Classic Thirst Quencher Variety Pack 12 Fl Oz (Pack of 24), 2021/02/25,21.76384615384615
Gatorade Classic Thirst Quencher Variety Pack 12 Fl Oz (Pack of 24), 2021/02/26,11.963333333333333
Gatorade Classic Thirst Quencher Variety Pack 12 Fl Oz (Pack of 24), 2021/02/28,13.99
Gatorade Classic Thirst Quencher Variety Pack 12 Fl Oz (Pack of 24), 2021/03/01,10.95
Gatorade Classic Thirst Quencher Variety Pack 12 Fl Oz (Pack of 24), 2021/03/11,15.48
Gatorade Classic Thirst Quencher Variety Pack 12 Fl Oz (Pack of 24), 2021/03/12,29.10111111111111
Gatorade Classic Thirst Quencher Variety Pack 12 Fl Oz (Pack of 24), 2021/03/13,31.89
Gatorade Classic Thirst Quencher Variety Pack 12 Fl Oz (Pack of 24), 2021/03/14,41.99
Gatorade Classic Thirst Quencher Variety Pack 12 Fl Oz (Pack of 24), 2021/03/18,40.650000000000006
Gatorade Classic Thirst Quencher Variety Pack 12 Fl Oz (Pack of 24), 2021/03/19,41.075
Gatorade Classic Thirst Quencher Variety Pack 12 Fl Oz (Pack of 24), 2021/03/20,31.990000000000002
Gatorade Classic Thirst Quencher Variety Pack 12 Fl Oz (Pack of 24), 2021/03/21,24.919999999999998
Gatorade Classic Thirst Quencher Variety Pack 12 Fl Oz (Pack of 24), 2021/03/22,21.109090909090913
Gatorade Classic Thirst Quencher Variety Pack 12 Fl Oz (Pack of 24), 2021/03/23,12.469999999999999
Gatorade Classic Thirst Quencher Variety Pack 12 Fl Oz (Pack of 24), 2021/03/26,12.469999999999999
Gatorade Classic Thirst Quencher Variety Pack 12 Fl Oz (Pack of 24), 2021/03/27,12.469999999999999
Gatorade Classic Thirst Quencher Variety Pack 12 Fl Oz (Pack of 24), 2021/03/29,12.469999999999999
Gatorade Classic Thirst Quencher Variety Pack 12 Fl Oz (Pack of 24), 2021/03/31,12.469999999999999
Gatorade Classic Thirst Quencher Variety Pack 12 Fl Oz (Pack of 24), 2021/04/01,13.99
Gatorade Classic Thirst Quencher Variety Pack 12 Fl Oz (Pack of 24), 2021/04/02,13.523333333333332
Gatorade Classic Thirst Quencher Variety Pack 12 Fl Oz (Pack of 24), 2021/04/03,17.625714285714285
Gatorade Classic Thirst Quencher Variety Pack 12 Fl Oz (Pack of 24), 2021/04/04,19.662222222222226
Gatorade Classic Thirst Quencher Variety Pack 12 Fl Oz (Pack of 24), 2021/04/05,19.566363636363636
Gatorade Classic Thirst Quencher Variety Pack 12 Fl Oz (Pack of 24), 2021/04/06,19.251250000000002
Gatorade Classic Thirst Quencher Variety Pack 12 Fl Oz (Pack of 24), 2021/04/07,21.96888888888889
Gatorade Classic Thirst Quencher Variety Pack 12 Fl Oz (Pack of 24), 2021/04/08,24.527272727272727
Gatorade Classic Thirst Quencher Variety Pack 12 Fl Oz (Pack of 24), 2021/04/09,21.582142857142856
Gatorade Classic Thirst Quencher Variety Pack 12 Fl Oz (Pack of 24), 2021/04/10,19.63
Gatorade Classic Thirst Quencher Variety Pack 12 Fl Oz (Pack of 24), 2021/04/11,18.438
Gatorade Classic Thirst Quencher Variety Pack 12 Fl Oz (Pack of 24), 2021/04/12,17.42
Gatorade Classic Thirst Quencher Variety Pack 12 Fl Oz (Pack of 24), 2021/04/13,16.58666666666667
Gatorade Classic Thirst Quencher Variety Pack 12 Fl Oz (Pack of 24), 2021/04/14,15.400909090909094
Gatorade Classic Thirst Quencher Variety Pack 12 Fl Oz (Pack of 24), 2021/04/15,14.765714285714285
Gatorade Classic Thirst Quencher Variety Pack 12 Fl Oz (Pack of 24), 2021/04/16,15.236249999999998
Gatorade Classic Thirst Quencher Variety Pack 12 Fl Oz (Pack of 24), 2021/04/17,15.878
Gatorade Classic Thirst Quencher Variety Pack 12 Fl Oz (Pack of 24), 2021/04/18,18.3
Gatorade Classic Thirst Quencher Variety Pack 12 Fl Oz (Pack of 24), 2021/04/19,18.068749999999998
Gatorade Classic Thirst Quencher Variety Pack 12 Fl Oz (Pack of 24), 2021/04/20,17.366
Gatorade Classic Thirst Quencher Variety Pack 12 Fl Oz (Pack of 24), 2021/04/21,18.253999999999998
Gatorade Classic Thirst Quencher Variety Pack 12 Fl Oz (Pack of 24), 2021/04/22,17.69
Gatorade Classic Thirst Quencher Variety Pack 12 Fl Oz (Pack of 24), 2021/04/23,15.145714285714286
Gatorade Classic Thirst Quencher Variety Pack 12 Fl Oz (Pack of 24), 2021/04/24,16.0575
Gatorade Classic Thirst Quencher Variety Pack 12 Fl Oz (Pack of 24), 2021/04/25,15.89
Gatorade Classic Thirst Quencher Variety Pack 12 Fl Oz (Pack of 24), 2021/04/26,15.841666666666669
Gatorade Classic Thirst Quencher Variety Pack 12 Fl Oz (Pack of 24), 2021/04/27,14.76888888888889
Gatorade Classic Thirst Quencher Variety Pack 12 Fl Oz (Pack of 24), 2021/04/28,14.593333333333334
Gatorade Classic Thirst Quencher Variety Pack 12 Fl Oz (Pack of 24), 2021/04/29,14.521666666666667
Gatorade Classic Thirst Quencher Variety Pack 12 Fl Oz (Pack of 24), 2021/04/30,16.085384615384616
Gatorade Classic Thirst Quencher Variety Pack 12 Fl Oz (Pack of 24), 2021/05/01,15.325000000000001
Gatorade Classic Thirst Quencher Variety Pack 12 Fl Oz (Pack of 24), 2021/05/02,14.899999999999999
Gatorade Classic Thirst Quencher Variety Pack 12 Fl Oz (Pack of 24), 2021/05/03,15.7
Gatorade Classic Thirst Quencher Variety Pack 12 Fl Oz (Pack of 24), 2021/05/04,17.892
Gatorade Classic Thirst Quencher Variety Pack 12 Fl Oz (Pack of 24), 2021/05/05,18.290833333333335
Gatorade Classic Thirst Quencher Variety Pack 12 Fl Oz (Pack of 24), 2021/05/06,16.861111111111107
Gatorade Classic Thirst Quencher Variety Pack 12 Fl Oz (Pack of 24), 2021/05/11,13.99
Gatorade Classic Thirst Quencher Variety Pack 12 Fl Oz (Pack of 24), 2021/05/12,11.963333333333333
Gatorade Classic Thirst Quencher Variety Pack 12 Fl Oz (Pack of 24), 2021/05/13,12.469999999999999
Gatorade Classic Thirst Quencher Variety Pack 12 Fl Oz (Pack of 24), 2021/05/15,12.469999999999999
Gatorade Classic Thirst Quencher Variety Pack 12 Fl Oz (Pack of 24), 2021/05/16,13.99
Gatorade Classic Thirst Quencher Variety Pack 12 Fl Oz (Pack of 24), 2021/05/17,10.95
Gatorade Classic Thirst Quencher Variety Pack 12 Fl Oz (Pack of 24), 2021/05/18,11.7
Gatorade Classic Thirst Quencher Variety Pack 12 Fl Oz (Pack of 24), 2021/05/19,20.0575
Gatorade Classic Thirst Quencher Variety Pack 12 Fl Oz (Pack of 24), 2021/05/20,23.2575
Gatorade Classic Thirst Quencher Variety Pack 12 Fl Oz (Pack of 24), 2021/05/21,24.903333333333332
Gatorade Classic Thirst Quencher Variety Pack 12 Fl Oz (Pack of 24), 2021/05/25,40.0
Gatorade Classic Thirst Quencher Variety Pack 12 Fl Oz (Pack of 24), 2021/05/27,35.99
Gatorade Classic Thirst Quencher Variety Pack 12 Fl Oz (Pack of 24), 2021/05/29,33.59
Gatorade Classic Thirst Quencher Variety Pack 12 Fl Oz (Pack of 24), 2021/05/30,29.91625
Gatorade Classic Thirst Quencher Variety Pack 12 Fl Oz (Pack of 24), 2021/05/31,28.146000000000004
Gatorade Classic Thirst Quencher Variety Pack 12 Fl Oz (Pack of 24), 2021/06/01,27.47714285714286
Gatorade Classic Thirst Quencher Variety Pack 12 Fl Oz (Pack of 24), 2021/06/02,27.37166666666667
Gatorade Classic Thirst Quencher Variety Pack 12 Fl Oz (Pack of 24), 2021/06/03,28.69
Gatorade Classic Thirst Quencher Variety Pack 12 Fl Oz (Pack of 24), 2021/06/04,29.3125
Gatorade Classic Thirst Quencher Variety Pack 12 Fl Oz (Pack of 24), 2021/06/13,22.003333333333334
Gatorade Classic Thirst Quencher Variety Pack 12 Fl Oz (Pack of 24), 2021/06/14,28.014999999999997
Gatorade Classic Thirst Quencher Variety Pack 12 Fl Oz (Pack of 24), 2021/06/15,31.899999999999995
Gatorade Classic Thirst Quencher Variety Pack 12 Fl Oz (Pack of 24), 2021/06/16,27.822000000000003
Gatorade Classic Thirst Quencher Variety Pack 12 Fl Oz (Pack of 24), 2021/06/17,27.166153846153843
Gatorade Classic Thirst Quencher Variety Pack 12 Fl Oz (Pack of 24), 2021/06/18,22.769999999999992
Gatorade Classic Thirst Quencher Variety Pack 12 Fl Oz (Pack of 24), 2021/06/19,21.791249999999998
Gatorade Classic Thirst Quencher Variety Pack 12 Fl Oz (Pack of 24), 2021/06/20,22.618750000000002
Gatorade Classic Thirst Quencher Variety Pack 12 Fl Oz (Pack of 24), 2021/06/21,27.19727272727273
Gatorade Classic Thirst Quencher Variety Pack 12 Fl Oz (Pack of 24), 2021/06/22,26.60727272727273
Gatorade Classic Thirst Quencher Variety Pack 12 Fl Oz (Pack of 24), 2021/06/23,23.826666666666668
Gatorade Classic Thirst Quencher Variety Pack 12 Fl Oz (Pack of 24), 2021/06/24,21.553749999999997
Gatorade Classic Thirst Quencher Variety Pack 12 Fl Oz (Pack of 24), 2021/06/25,24.241666666666664
Gatorade Classic Thirst Quencher Variety Pack 12 Fl Oz (Pack of 24), 2021/06/26,24.884999999999998
Gatorade Classic Thirst Quencher Variety Pack 12 Fl Oz (Pack of 24), 2021/06/27,24.451666666666668
Gatorade Classic Thirst Quencher Variety Pack 12 Fl Oz (Pack of 24), 2021/06/28,26.57428571428571
Gatorade Classic Thirst Quencher Variety Pack 12 Fl Oz (Pack of 24), 2021/06/29,24.405384615384612
Gatorade Classic Thirst Quencher Variety Pack 12 Fl Oz (Pack of 24), 2021/06/30,22.569999999999997
Gatorade Classic Thirst Quencher Variety Pack 12 Fl Oz (Pack of 24), 2021/07/01,21.300000000000004
Gatorade Classic Thirst Quencher Variety Pack 12 Fl Oz (Pack of 24), 2021/07/02,25.39181818181818
Gatorade Classic Thirst Quencher Variety Pack 12 Fl Oz (Pack of 24), 2021/07/03,26.392222222222227
Gatorade Classic Thirst Quencher Variety Pack 12 Fl Oz (Pack of 24), 2021/07/04,22.92
Gatorade Classic Thirst Quencher Variety Pack 12 Fl Oz (Pack of 24), 2021/07/05,20.784
Gatorade Classic Thirst Quencher Variety Pack 12 Fl Oz (Pack of 24), 2021/07/06,19.86875
Gatorade Classic Thirst Quencher Variety Pack 12 Fl Oz (Pack of 24), 2021/07/07,19.29
Gatorade Classic Thirst Quencher Variety Pack 12 Fl Oz (Pack of 24), 2021/07/08,19.04875
Gatorade Classic Thirst Quencher Variety Pack 12 Fl Oz (Pack of 24), 2021/07/09,19.034999999999997
Gatorade Classic Thirst Quencher Variety Pack 12 Fl Oz (Pack of 24), 2021/07/10,19.075
Gatorade Classic Thirst Quencher Variety Pack 12 Fl Oz (Pack of 24), 2021/07/11,25.619999999999997
Gatorade Classic Thirst Quencher Variety Pack 12 Fl Oz (Pack of 24), 2021/07/12,31.503999999999998
Gatorade Classic Thirst Quencher Variety Pack 12 Fl Oz (Pack of 24), 2021/07/13,38.715
Gatorade Classic Thirst Quencher Variety Pack 12 Fl Oz (Pack of 24), 2021/07/15,49.0
Gatorade Classic Thirst Quencher Variety Pack 12 Fl Oz (Pack of 24), 2021/07/16,54.99
Gatorade Classic Thirst Quencher Variety Pack 12 Fl Oz (Pack of 24), 2021/07/18,44.785000000000004
Gatorade Classic Thirst Quencher Variety Pack 12 Fl Oz (Pack of 24), 2021/07/19,31.869999999999997
Gatorade Classic Thirst Quencher Variety Pack 12 Fl Oz (Pack of 24), 2021/07/20,33.19833333333333
Gatorade Classic Thirst Quencher Variety Pack 12 Fl Oz (Pack of 24), 2021/07/21,13.99
Gatorade Classic Thirst Quencher Variety Pack 12 Fl Oz (Pack of 24), 2021/07/23,36.475
Gatorade Classic Thirst Quencher Variety Pack 12 Fl Oz (Pack of 24), 2021/07/24,42.836
Gatorade Classic Thirst Quencher Variety Pack 12 Fl Oz (Pack of 24), 2021/07/25,13.99
Gatorade Classic Thirst Quencher Variety Pack 12 Fl Oz (Pack of 24), 2021/07/28,19.344
Gatorade Classic Thirst Quencher Variety Pack 12 Fl Oz (Pack of 24), 2021/07/29,28.04733333333333
Gatorade Classic Thirst Quencher Variety Pack 12 Fl Oz (Pack of 24), 2021/07/30,34.655
Gatorade Classic Thirst Quencher Variety Pack 12 Fl Oz (Pack of 24), 2021/07/31,36.806666666666665
Gatorade Classic Thirst Quencher Variety Pack 12 Fl Oz (Pack of 24), 2021/08/01,30.744999999999997
Gatorade Classic Thirst Quencher Variety Pack 12 Fl Oz (Pack of 24), 2021/08/03,8.99
Gatorade Classic Thirst Quencher Variety Pack 12 Fl Oz (Pack of 24), 2021/08/04,13.99
Gatorade Classic Thirst Quencher Variety Pack 12 Fl Oz (Pack of 24), 2021/08/11,23.03
Gatorade Classic Thirst Quencher Variety Pack 12 Fl Oz (Pack of 24), 2021/08/12,26.665000000000003
Gatorade Classic Thirst Quencher Variety Pack 12 Fl Oz (Pack of 24), 2021/08/13,24.57
Gatorade Classic Thirst Quencher Variety Pack 12 Fl Oz (Pack of 24), 2021/08/14,18.4625
Gatorade Classic Thirst Quencher Variety Pack 12 Fl Oz (Pack of 24), 2021/08/15,21.14333333333333
Gatorade Classic Thirst Quencher Variety Pack 12 Fl Oz (Pack of 24), 2021/08/16,23.65555555555556
Gatorade Classic Thirst Quencher Variety Pack 12 Fl Oz (Pack of 24), 2021/08/17,24.72
Gatorade Classic Thirst Quencher Variety Pack 12 Fl Oz (Pack of 24), 2021/08/18,16.715
Gatorade Classic Thirst Quencher Variety Pack 12 Fl Oz (Pack of 24), 2021/08/28,18.1
Gatorade Classic Thirst Quencher Variety Pack 12 Fl Oz (Pack of 24), 2021/08/29,25.279
Gatorade Classic Thirst Quencher Variety Pack 12 Fl Oz (Pack of 24), 2021/08/30,30.242500000000003
Gatorade Classic Thirst Quencher Variety Pack 12 Fl Oz (Pack of 24), 2021/08/31,22.903333333333332
Gatorade Classic Thirst Quencher Variety Pack 12 Fl Oz (Pack of 24), 2021/09/01,17.505
Gatorade Classic Thirst Quencher Variety Pack 12 Fl Oz (Pack of 24), 2021/09/05,28.5
Gatorade Classic Thirst Quencher Variety Pack 12 Fl Oz (Pack of 24), 2021/09/06,30.796666666666663
Gatorade Classic Thirst Quencher Variety Pack 12 Fl Oz (Pack of 24), 2021/09/07,31.28333333333333
Gatorade Classic Thirst Quencher Variety Pack 12 Fl Oz (Pack of 24), 2021/09/08,44.99666666666667
Gatorade Classic Thirst Quencher Variety Pack 12 Fl Oz (Pack of 24), 2021/09/09,38.365
Gatorade Classic Thirst Quencher Variety Pack 12 Fl Oz (Pack of 24), 2021/09/10,39.666666666666664
Gatorade Classic Thirst Quencher Variety Pack 12 Fl Oz (Pack of 24), 2021/09/11,17.99
Gatorade Classic Thirst Quencher Variety Pack 12 Fl Oz (Pack of 24), 2021/09/12,16.978
Gatorade Classic Thirst Quencher Variety Pack 12 Fl Oz (Pack of 24), 2021/09/13,14.0
Gatorade Classic Thirst Quencher Variety Pack 12 Fl Oz (Pack of 24), 2021/09/14,16.67
Gatorade Classic Thirst Quencher Variety Pack 12 Fl Oz (Pack of 24), 2021/09/15,16.0
Gatorade Classic Thirst Quencher Variety Pack 12 Fl Oz (Pack of 24), 2021/09/16,16.0
Gatorade Classic Thirst Quencher Variety Pack 12 Fl Oz (Pack of 24), 2021/09/17,13.5
Gatorade Classic Thirst Quencher Variety Pack 12 Fl Oz (Pack of 24), 2021/09/19,13.99
Gatorade Classic Thirst Quencher Variety Pack 12 Fl Oz (Pack of 24), 2021/09/27,12.195
Gatorade Classic Thirst Quencher Variety Pack 12 Fl Oz (Pack of 24), 2021/09/28,12.391666666666667
Gatorade Classic Thirst Quencher Variety Pack 12 Fl Oz (Pack of 24), 2021/09/29,11.99
Gatorade Classic Thirst Quencher Variety Pack 12 Fl Oz (Pack of 24), 2021/09/30,12.191428571428572
Gatorade Classic Thirst Quencher Variety Pack 12 Fl Oz (Pack of 24), 2021/10/01,12.24
Gatorade Classic Thirst Quencher Variety Pack 12 Fl Oz (Pack of 24), 2021/10/02,12.190000000000001
Gatorade Classic Thirst Quencher Variety Pack 12 Fl Oz (Pack of 24), 2021/10/03,12.190000000000001
Gatorade Classic Thirst Quencher Variety Pack 12 Fl Oz (Pack of 24), 2021/10/04,12.99
Gatorade Classic Thirst Quencher Variety Pack 12 Fl Oz (Pack of 24), 2021/10/07,11.545
Gatorade Classic Thirst Quencher Variety Pack 12 Fl Oz (Pack of 24), 2021/10/08,13.5
Gatorade Classic Thirst Quencher Variety Pack 12 Fl Oz (Pack of 24), 2021/10/09,12.745000000000001
Gatorade Classic Thirst Quencher Variety Pack 12 Fl Oz (Pack of 24), 2021/10/10,13.99
Gatorade Classic Thirst Quencher Variety Pack 12 Fl Oz (Pack of 24), 2021/10/11,12.876
Gatorade Classic Thirst Quencher Variety Pack 12 Fl Oz (Pack of 24), 2021/10/13,11.045
Gatorade Classic Thirst Quencher Variety Pack 12 Fl Oz (Pack of 24), 2021/10/14,15.716000000000003
Gatorade Classic Thirst Quencher Variety Pack 12 Fl Oz (Pack of 24), 2021/10/15,16.56714285714286
Gatorade Classic Thirst Quencher Variety Pack 12 Fl Oz (Pack of 24), 2021/10/16,16.441666666666666
Gatorade Classic Thirst Quencher Variety Pack 12 Fl Oz (Pack of 24), 2021/10/17,16.708
Gatorade Classic Thirst Quencher Variety Pack 12 Fl Oz (Pack of 24), 2021/10/18,15.792000000000002
Gatorade Classic Thirst Quencher Variety Pack 12 Fl Oz (Pack of 24), 2021/10/19,15.5
Gatorade Classic Thirst Quencher Variety Pack 12 Fl Oz (Pack of 24), 2021/10/20,14.805714285714284
Gatorade Classic Thirst Quencher Variety Pack 12 Fl Oz (Pack of 24), 2021/10/21,13.415000000000001
Gatorade Classic Thirst Quencher Variety Pack 12 Fl Oz (Pack of 24), 2021/10/22,10.495000000000001
Gatorade Classic Thirst Quencher Variety Pack 12 Fl Oz (Pack of 24), 2021/10/27,10.495000000000001
Gatorade Classic Thirst Quencher Variety Pack 12 Fl Oz (Pack of 24), 2021/10/29,13.99
Gatorade Classic Thirst Quencher Variety Pack 12 Fl Oz (Pack of 24), 2021/11/02,16.84
Gatorade Classic Thirst Quencher Variety Pack 12 Fl Oz (Pack of 24), 2021/11/03,13.99
Gatorade Classic Thirst Quencher Variety Pack 12 Fl Oz (Pack of 24), 2021/11/08,11.615
Gatorade Classic Thirst Quencher Variety Pack 12 Fl Oz (Pack of 24), 2021/11/10,12.24
Gatorade Classic Thirst Quencher Variety Pack 12 Fl Oz (Pack of 24), 2021/11/15,22.836666666666662
Gatorade Classic Thirst Quencher Variety Pack 12 Fl Oz (Pack of 24), 2021/11/16,20.84
Gatorade Classic Thirst Quencher Variety Pack 12 Fl Oz (Pack of 24), 2021/12/09,12.49
Gatorade Classic Thirst Quencher Variety Pack 12 Fl Oz (Pack of 24), 2021/12/18,11.995000000000001
Gatorade Classic Thirst Quencher Variety Pack 12 Fl Oz (Pack of 24), 2021/12/20,12.226666666666667
Gatorade Classic Thirst Quencher Variety Pack 12 Fl Oz (Pack of 24), 2021/12/21,12.495000000000001
