Dove Nourishing Hand Sanitizer 99.99% Effective Against Germs Shea Butter and Warm Vanilla Antibacterial Gel with 61% Alcohol and Lasting Moisturization For Up to 8 Hours 8 oz 4 Count, 2021/02/06,28.08
Dove Nourishing Hand Sanitizer 99.99% Effective Against Germs Shea Butter and Warm Vanilla Antibacterial Gel with 61% Alcohol and Lasting Moisturization For Up to 8 Hours 8 oz 4 Count, 2021/02/12,28.32
Dove Nourishing Hand Sanitizer 99.99% Effective Against Germs Shea Butter and Warm Vanilla Antibacterial Gel with 61% Alcohol and Lasting Moisturization For Up to 8 Hours 8 oz 4 Count, 2021/02/15,28.32
Dove Nourishing Hand Sanitizer 99.99% Effective Against Germs Shea Butter and Warm Vanilla Antibacterial Gel with 61% Alcohol and Lasting Moisturization For Up to 8 Hours 8 oz 4 Count, 2021/02/16,40.245000000000005
Dove Nourishing Hand Sanitizer 99.99% Effective Against Germs Shea Butter and Warm Vanilla Antibacterial Gel with 61% Alcohol and Lasting Moisturization For Up to 8 Hours 8 oz 4 Count, 2021/02/18,37.475
Dove Nourishing Hand Sanitizer 99.99% Effective Against Germs Shea Butter and Warm Vanilla Antibacterial Gel with 61% Alcohol and Lasting Moisturization For Up to 8 Hours 8 oz 4 Count, 2021/02/19,28.32
Dove Nourishing Hand Sanitizer 99.99% Effective Against Germs Shea Butter and Warm Vanilla Antibacterial Gel with 61% Alcohol and Lasting Moisturization For Up to 8 Hours 8 oz 4 Count, 2021/03/06,39.29666666666667
Dove Nourishing Hand Sanitizer 99.99% Effective Against Germs Shea Butter and Warm Vanilla Antibacterial Gel with 61% Alcohol and Lasting Moisturization For Up to 8 Hours 8 oz 4 Count, 2021/03/07,38.15
Dove Nourishing Hand Sanitizer 99.99% Effective Against Germs Shea Butter and Warm Vanilla Antibacterial Gel with 61% Alcohol and Lasting Moisturization For Up to 8 Hours 8 oz 4 Count, 2021/03/08,37.95
Dove Nourishing Hand Sanitizer 99.99% Effective Against Germs Shea Butter and Warm Vanilla Antibacterial Gel with 61% Alcohol and Lasting Moisturization For Up to 8 Hours 8 oz 4 Count, 2021/03/09,37.95
Dove Nourishing Hand Sanitizer 99.99% Effective Against Germs Shea Butter and Warm Vanilla Antibacterial Gel with 61% Alcohol and Lasting Moisturization For Up to 8 Hours 8 oz 4 Count, 2021/03/10,37.72
Dove Nourishing Hand Sanitizer 99.99% Effective Against Germs Shea Butter and Warm Vanilla Antibacterial Gel with 61% Alcohol and Lasting Moisturization For Up to 8 Hours 8 oz 4 Count, 2021/03/11,37.46
Dove Nourishing Hand Sanitizer 99.99% Effective Against Germs Shea Butter and Warm Vanilla Antibacterial Gel with 61% Alcohol and Lasting Moisturization For Up to 8 Hours 8 oz 4 Count, 2021/03/12,36.9375
Dove Nourishing Hand Sanitizer 99.99% Effective Against Germs Shea Butter and Warm Vanilla Antibacterial Gel with 61% Alcohol and Lasting Moisturization For Up to 8 Hours 8 oz 4 Count, 2021/03/13,36.6925
Dove Nourishing Hand Sanitizer 99.99% Effective Against Germs Shea Butter and Warm Vanilla Antibacterial Gel with 61% Alcohol and Lasting Moisturization For Up to 8 Hours 8 oz 4 Count, 2021/03/14,36.67
Dove Nourishing Hand Sanitizer 99.99% Effective Against Germs Shea Butter and Warm Vanilla Antibacterial Gel with 61% Alcohol and Lasting Moisturization For Up to 8 Hours 8 oz 4 Count, 2021/03/15,36.54
Dove Nourishing Hand Sanitizer 99.99% Effective Against Germs Shea Butter and Warm Vanilla Antibacterial Gel with 61% Alcohol and Lasting Moisturization For Up to 8 Hours 8 oz 4 Count, 2021/03/16,36.541666666666664
Dove Nourishing Hand Sanitizer 99.99% Effective Against Germs Shea Butter and Warm Vanilla Antibacterial Gel with 61% Alcohol and Lasting Moisturization For Up to 8 Hours 8 oz 4 Count, 2021/03/17,36.605000000000004
Dove Nourishing Hand Sanitizer 99.99% Effective Against Germs Shea Butter and Warm Vanilla Antibacterial Gel with 61% Alcohol and Lasting Moisturization For Up to 8 Hours 8 oz 4 Count, 2021/03/18,36.483333333333334
Dove Nourishing Hand Sanitizer 99.99% Effective Against Germs Shea Butter and Warm Vanilla Antibacterial Gel with 61% Alcohol and Lasting Moisturization For Up to 8 Hours 8 oz 4 Count, 2021/03/19,37.129999999999995
Dove Nourishing Hand Sanitizer 99.99% Effective Against Germs Shea Butter and Warm Vanilla Antibacterial Gel with 61% Alcohol and Lasting Moisturization For Up to 8 Hours 8 oz 4 Count, 2021/03/20,37.72
Dove Nourishing Hand Sanitizer 99.99% Effective Against Germs Shea Butter and Warm Vanilla Antibacterial Gel with 61% Alcohol and Lasting Moisturization For Up to 8 Hours 8 oz 4 Count, 2021/03/21,37.595
Dove Nourishing Hand Sanitizer 99.99% Effective Against Germs Shea Butter and Warm Vanilla Antibacterial Gel with 61% Alcohol and Lasting Moisturization For Up to 8 Hours 8 oz 4 Count, 2021/03/22,37.5525
Dove Nourishing Hand Sanitizer 99.99% Effective Against Germs Shea Butter and Warm Vanilla Antibacterial Gel with 61% Alcohol and Lasting Moisturization For Up to 8 Hours 8 oz 4 Count, 2021/03/23,37.53333333333333
Dove Nourishing Hand Sanitizer 99.99% Effective Against Germs Shea Butter and Warm Vanilla Antibacterial Gel with 61% Alcohol and Lasting Moisturization For Up to 8 Hours 8 oz 4 Count, 2021/03/24,37.457499999999996
Dove Nourishing Hand Sanitizer 99.99% Effective Against Germs Shea Butter and Warm Vanilla Antibacterial Gel with 61% Alcohol and Lasting Moisturization For Up to 8 Hours 8 oz 4 Count, 2021/03/25,37.41
Dove Nourishing Hand Sanitizer 99.99% Effective Against Germs Shea Butter and Warm Vanilla Antibacterial Gel with 61% Alcohol and Lasting Moisturization For Up to 8 Hours 8 oz 4 Count, 2021/03/26,37.86
Dove Nourishing Hand Sanitizer 99.99% Effective Against Germs Shea Butter and Warm Vanilla Antibacterial Gel with 61% Alcohol and Lasting Moisturization For Up to 8 Hours 8 oz 4 Count, 2021/03/27,37.81333333333333
Dove Nourishing Hand Sanitizer 99.99% Effective Against Germs Shea Butter and Warm Vanilla Antibacterial Gel with 61% Alcohol and Lasting Moisturization For Up to 8 Hours 8 oz 4 Count, 2021/03/28,37.75333333333334
Dove Nourishing Hand Sanitizer 99.99% Effective Against Germs Shea Butter and Warm Vanilla Antibacterial Gel with 61% Alcohol and Lasting Moisturization For Up to 8 Hours 8 oz 4 Count, 2021/03/29,37.653333333333336
Dove Nourishing Hand Sanitizer 99.99% Effective Against Germs Shea Butter and Warm Vanilla Antibacterial Gel with 61% Alcohol and Lasting Moisturization For Up to 8 Hours 8 oz 4 Count, 2021/03/30,37.52333333333333
Dove Nourishing Hand Sanitizer 99.99% Effective Against Germs Shea Butter and Warm Vanilla Antibacterial Gel with 61% Alcohol and Lasting Moisturization For Up to 8 Hours 8 oz 4 Count, 2021/03/31,37.43
Dove Nourishing Hand Sanitizer 99.99% Effective Against Germs Shea Butter and Warm Vanilla Antibacterial Gel with 61% Alcohol and Lasting Moisturization For Up to 8 Hours 8 oz 4 Count, 2021/04/01,37.394999999999996
Dove Nourishing Hand Sanitizer 99.99% Effective Against Germs Shea Butter and Warm Vanilla Antibacterial Gel with 61% Alcohol and Lasting Moisturization For Up to 8 Hours 8 oz 4 Count, 2021/04/02,37.38
Dove Nourishing Hand Sanitizer 99.99% Effective Against Germs Shea Butter and Warm Vanilla Antibacterial Gel with 61% Alcohol and Lasting Moisturization For Up to 8 Hours 8 oz 4 Count, 2021/04/04,37.63
Dove Nourishing Hand Sanitizer 99.99% Effective Against Germs Shea Butter and Warm Vanilla Antibacterial Gel with 61% Alcohol and Lasting Moisturization For Up to 8 Hours 8 oz 4 Count, 2021/04/06,37.47
Dove Nourishing Hand Sanitizer 99.99% Effective Against Germs Shea Butter and Warm Vanilla Antibacterial Gel with 61% Alcohol and Lasting Moisturization For Up to 8 Hours 8 oz 4 Count, 2021/04/07,33.555
Dove Nourishing Hand Sanitizer 99.99% Effective Against Germs Shea Butter and Warm Vanilla Antibacterial Gel with 61% Alcohol and Lasting Moisturization For Up to 8 Hours 8 oz 4 Count, 2021/04/08,37.446666666666665
Dove Nourishing Hand Sanitizer 99.99% Effective Against Germs Shea Butter and Warm Vanilla Antibacterial Gel with 61% Alcohol and Lasting Moisturization For Up to 8 Hours 8 oz 4 Count, 2021/04/09,37.419999999999995
Dove Nourishing Hand Sanitizer 99.99% Effective Against Germs Shea Butter and Warm Vanilla Antibacterial Gel with 61% Alcohol and Lasting Moisturization For Up to 8 Hours 8 oz 4 Count, 2021/04/10,32.21
Dove Nourishing Hand Sanitizer 99.99% Effective Against Germs Shea Butter and Warm Vanilla Antibacterial Gel with 61% Alcohol and Lasting Moisturization For Up to 8 Hours 8 oz 4 Count, 2021/04/11,37.355000000000004
Dove Nourishing Hand Sanitizer 99.99% Effective Against Germs Shea Butter and Warm Vanilla Antibacterial Gel with 61% Alcohol and Lasting Moisturization For Up to 8 Hours 8 oz 4 Count, 2021/04/12,37.32333333333333
Dove Nourishing Hand Sanitizer 99.99% Effective Against Germs Shea Butter and Warm Vanilla Antibacterial Gel with 61% Alcohol and Lasting Moisturization For Up to 8 Hours 8 oz 4 Count, 2021/04/13,32.166666666666664
Dove Nourishing Hand Sanitizer 99.99% Effective Against Germs Shea Butter and Warm Vanilla Antibacterial Gel with 61% Alcohol and Lasting Moisturization For Up to 8 Hours 8 oz 4 Count, 2021/04/16,22.88
Dove Nourishing Hand Sanitizer 99.99% Effective Against Germs Shea Butter and Warm Vanilla Antibacterial Gel with 61% Alcohol and Lasting Moisturization For Up to 8 Hours 8 oz 4 Count, 2021/04/18,37.295
Dove Nourishing Hand Sanitizer 99.99% Effective Against Germs Shea Butter and Warm Vanilla Antibacterial Gel with 61% Alcohol and Lasting Moisturization For Up to 8 Hours 8 oz 4 Count, 2021/04/19,27.683333333333334
Dove Nourishing Hand Sanitizer 99.99% Effective Against Germs Shea Butter and Warm Vanilla Antibacterial Gel with 61% Alcohol and Lasting Moisturization For Up to 8 Hours 8 oz 4 Count, 2021/04/20,37.2125
Dove Nourishing Hand Sanitizer 99.99% Effective Against Germs Shea Butter and Warm Vanilla Antibacterial Gel with 61% Alcohol and Lasting Moisturization For Up to 8 Hours 8 oz 4 Count, 2021/04/22,36.475
Dove Nourishing Hand Sanitizer 99.99% Effective Against Germs Shea Butter and Warm Vanilla Antibacterial Gel with 61% Alcohol and Lasting Moisturization For Up to 8 Hours 8 oz 4 Count, 2021/04/23,36.9675
Dove Nourishing Hand Sanitizer 99.99% Effective Against Germs Shea Butter and Warm Vanilla Antibacterial Gel with 61% Alcohol and Lasting Moisturization For Up to 8 Hours 8 oz 4 Count, 2021/04/24,37.425
Dove Nourishing Hand Sanitizer 99.99% Effective Against Germs Shea Butter and Warm Vanilla Antibacterial Gel with 61% Alcohol and Lasting Moisturization For Up to 8 Hours 8 oz 4 Count, 2021/04/25,37.983333333333334
Dove Nourishing Hand Sanitizer 99.99% Effective Against Germs Shea Butter and Warm Vanilla Antibacterial Gel with 61% Alcohol and Lasting Moisturization For Up to 8 Hours 8 oz 4 Count, 2021/04/26,23.04
Dove Nourishing Hand Sanitizer 99.99% Effective Against Germs Shea Butter and Warm Vanilla Antibacterial Gel with 61% Alcohol and Lasting Moisturization For Up to 8 Hours 8 oz 4 Count, 2021/05/11,19.96
Dove Nourishing Hand Sanitizer 99.99% Effective Against Germs Shea Butter and Warm Vanilla Antibacterial Gel with 61% Alcohol and Lasting Moisturization For Up to 8 Hours 8 oz 4 Count, 2021/05/16,37.0
Dove Nourishing Hand Sanitizer 99.99% Effective Against Germs Shea Butter and Warm Vanilla Antibacterial Gel with 61% Alcohol and Lasting Moisturization For Up to 8 Hours 8 oz 4 Count, 2021/05/17,33.5
Dove Nourishing Hand Sanitizer 99.99% Effective Against Germs Shea Butter and Warm Vanilla Antibacterial Gel with 61% Alcohol and Lasting Moisturization For Up to 8 Hours 8 oz 4 Count, 2021/05/20,21.5
Dove Nourishing Hand Sanitizer 99.99% Effective Against Germs Shea Butter and Warm Vanilla Antibacterial Gel with 61% Alcohol and Lasting Moisturization For Up to 8 Hours 8 oz 4 Count, 2021/05/26,23.04
Dove Nourishing Hand Sanitizer 99.99% Effective Against Germs Shea Butter and Warm Vanilla Antibacterial Gel with 61% Alcohol and Lasting Moisturization For Up to 8 Hours 8 oz 4 Count, 2021/06/02,19.96
Dove Nourishing Hand Sanitizer 99.99% Effective Against Germs Shea Butter and Warm Vanilla Antibacterial Gel with 61% Alcohol and Lasting Moisturization For Up to 8 Hours 8 oz 4 Count, 2021/06/03,35.45
Dove Nourishing Hand Sanitizer 99.99% Effective Against Germs Shea Butter and Warm Vanilla Antibacterial Gel with 61% Alcohol and Lasting Moisturization For Up to 8 Hours 8 oz 4 Count, 2021/06/05,35.5
Dove Nourishing Hand Sanitizer 99.99% Effective Against Germs Shea Butter and Warm Vanilla Antibacterial Gel with 61% Alcohol and Lasting Moisturization For Up to 8 Hours 8 oz 4 Count, 2021/06/06,35.4
Dove Nourishing Hand Sanitizer 99.99% Effective Against Germs Shea Butter and Warm Vanilla Antibacterial Gel with 61% Alcohol and Lasting Moisturization For Up to 8 Hours 8 oz 4 Count, 2021/06/07,35.5
Dove Nourishing Hand Sanitizer 99.99% Effective Against Germs Shea Butter and Warm Vanilla Antibacterial Gel with 61% Alcohol and Lasting Moisturization For Up to 8 Hours 8 oz 4 Count, 2021/06/08,35.35
Dove Nourishing Hand Sanitizer 99.99% Effective Against Germs Shea Butter and Warm Vanilla Antibacterial Gel with 61% Alcohol and Lasting Moisturization For Up to 8 Hours 8 oz 4 Count, 2021/06/10,29.169999999999998
Dove Nourishing Hand Sanitizer 99.99% Effective Against Germs Shea Butter and Warm Vanilla Antibacterial Gel with 61% Alcohol and Lasting Moisturization For Up to 8 Hours 8 oz 4 Count, 2021/06/12,35.25
Dove Nourishing Hand Sanitizer 99.99% Effective Against Germs Shea Butter and Warm Vanilla Antibacterial Gel with 61% Alcohol and Lasting Moisturization For Up to 8 Hours 8 oz 4 Count, 2021/06/13,30.7475
Dove Nourishing Hand Sanitizer 99.99% Effective Against Germs Shea Butter and Warm Vanilla Antibacterial Gel with 61% Alcohol and Lasting Moisturization For Up to 8 Hours 8 oz 4 Count, 2021/06/14,35.239999999999995
Dove Nourishing Hand Sanitizer 99.99% Effective Against Germs Shea Butter and Warm Vanilla Antibacterial Gel with 61% Alcohol and Lasting Moisturization For Up to 8 Hours 8 oz 4 Count, 2021/06/15,35.21666666666666
Dove Nourishing Hand Sanitizer 99.99% Effective Against Germs Shea Butter and Warm Vanilla Antibacterial Gel with 61% Alcohol and Lasting Moisturization For Up to 8 Hours 8 oz 4 Count, 2021/06/16,35.06
Dove Nourishing Hand Sanitizer 99.99% Effective Against Germs Shea Butter and Warm Vanilla Antibacterial Gel with 61% Alcohol and Lasting Moisturization For Up to 8 Hours 8 oz 4 Count, 2021/06/18,34.7
Dove Nourishing Hand Sanitizer 99.99% Effective Against Germs Shea Butter and Warm Vanilla Antibacterial Gel with 61% Alcohol and Lasting Moisturization For Up to 8 Hours 8 oz 4 Count, 2021/06/19,34.644999999999996
Dove Nourishing Hand Sanitizer 99.99% Effective Against Germs Shea Butter and Warm Vanilla Antibacterial Gel with 61% Alcohol and Lasting Moisturization For Up to 8 Hours 8 oz 4 Count, 2021/06/21,34.62
Dove Nourishing Hand Sanitizer 99.99% Effective Against Germs Shea Butter and Warm Vanilla Antibacterial Gel with 61% Alcohol and Lasting Moisturization For Up to 8 Hours 8 oz 4 Count, 2021/06/23,34.6
Dove Nourishing Hand Sanitizer 99.99% Effective Against Germs Shea Butter and Warm Vanilla Antibacterial Gel with 61% Alcohol and Lasting Moisturization For Up to 8 Hours 8 oz 4 Count, 2021/06/24,34.62
Dove Nourishing Hand Sanitizer 99.99% Effective Against Germs Shea Butter and Warm Vanilla Antibacterial Gel with 61% Alcohol and Lasting Moisturization For Up to 8 Hours 8 oz 4 Count, 2021/06/25,34.7
Dove Nourishing Hand Sanitizer 99.99% Effective Against Germs Shea Butter and Warm Vanilla Antibacterial Gel with 61% Alcohol and Lasting Moisturization For Up to 8 Hours 8 oz 4 Count, 2021/06/28,16.45
Dove Nourishing Hand Sanitizer 99.99% Effective Against Germs Shea Butter and Warm Vanilla Antibacterial Gel with 61% Alcohol and Lasting Moisturization For Up to 8 Hours 8 oz 4 Count, 2021/06/30,17.72
Dove Nourishing Hand Sanitizer 99.99% Effective Against Germs Shea Butter and Warm Vanilla Antibacterial Gel with 61% Alcohol and Lasting Moisturization For Up to 8 Hours 8 oz 4 Count, 2021/07/14,27.98
Dove Nourishing Hand Sanitizer 99.99% Effective Against Germs Shea Butter and Warm Vanilla Antibacterial Gel with 61% Alcohol and Lasting Moisturization For Up to 8 Hours 8 oz 4 Count, 2021/07/15,24.48
Dove Nourishing Hand Sanitizer 99.99% Effective Against Germs Shea Butter and Warm Vanilla Antibacterial Gel with 61% Alcohol and Lasting Moisturization For Up to 8 Hours 8 oz 4 Count, 2021/07/16,26.11
Dove Nourishing Hand Sanitizer 99.99% Effective Against Germs Shea Butter and Warm Vanilla Antibacterial Gel with 61% Alcohol and Lasting Moisturization For Up to 8 Hours 8 oz 4 Count, 2021/07/17,18.46
Dove Nourishing Hand Sanitizer 99.99% Effective Against Germs Shea Butter and Warm Vanilla Antibacterial Gel with 61% Alcohol and Lasting Moisturization For Up to 8 Hours 8 oz 4 Count, 2021/08/20,19.96
Dove Nourishing Hand Sanitizer 99.99% Effective Against Germs Shea Butter and Warm Vanilla Antibacterial Gel with 61% Alcohol and Lasting Moisturization For Up to 8 Hours 8 oz 4 Count, 2021/08/21,18.46
Dove Nourishing Hand Sanitizer 99.99% Effective Against Germs Shea Butter and Warm Vanilla Antibacterial Gel with 61% Alcohol and Lasting Moisturization For Up to 8 Hours 8 oz 4 Count, 2021/08/31,21.7975
Dove Nourishing Hand Sanitizer 99.99% Effective Against Germs Shea Butter and Warm Vanilla Antibacterial Gel with 61% Alcohol and Lasting Moisturization For Up to 8 Hours 8 oz 4 Count, 2021/09/01,18.46
Dove Nourishing Hand Sanitizer 99.99% Effective Against Germs Shea Butter and Warm Vanilla Antibacterial Gel with 61% Alcohol and Lasting Moisturization For Up to 8 Hours 8 oz 4 Count, 2021/09/03,19.96
Dove Nourishing Hand Sanitizer 99.99% Effective Against Germs Shea Butter and Warm Vanilla Antibacterial Gel with 61% Alcohol and Lasting Moisturization For Up to 8 Hours 8 oz 4 Count, 2021/09/04,22.28
Dove Nourishing Hand Sanitizer 99.99% Effective Against Germs Shea Butter and Warm Vanilla Antibacterial Gel with 61% Alcohol and Lasting Moisturization For Up to 8 Hours 8 oz 4 Count, 2021/09/05,18.46
Dove Nourishing Hand Sanitizer 99.99% Effective Against Germs Shea Butter and Warm Vanilla Antibacterial Gel with 61% Alcohol and Lasting Moisturization For Up to 8 Hours 8 oz 4 Count, 2021/09/07,20.733333333333334
Dove Nourishing Hand Sanitizer 99.99% Effective Against Germs Shea Butter and Warm Vanilla Antibacterial Gel with 61% Alcohol and Lasting Moisturization For Up to 8 Hours 8 oz 4 Count, 2021/09/08,18.46
Dove Nourishing Hand Sanitizer 99.99% Effective Against Germs Shea Butter and Warm Vanilla Antibacterial Gel with 61% Alcohol and Lasting Moisturization For Up to 8 Hours 8 oz 4 Count, 2021/09/11,19.96
Dove Nourishing Hand Sanitizer 99.99% Effective Against Germs Shea Butter and Warm Vanilla Antibacterial Gel with 61% Alcohol and Lasting Moisturization For Up to 8 Hours 8 oz 4 Count, 2021/09/14,19.950000000000003
Dove Nourishing Hand Sanitizer 99.99% Effective Against Germs Shea Butter and Warm Vanilla Antibacterial Gel with 61% Alcohol and Lasting Moisturization For Up to 8 Hours 8 oz 4 Count, 2021/09/15,22.48
Dove Nourishing Hand Sanitizer 99.99% Effective Against Germs Shea Butter and Warm Vanilla Antibacterial Gel with 61% Alcohol and Lasting Moisturization For Up to 8 Hours 8 oz 4 Count, 2021/09/16,22.58
Dove Nourishing Hand Sanitizer 99.99% Effective Against Germs Shea Butter and Warm Vanilla Antibacterial Gel with 61% Alcohol and Lasting Moisturization For Up to 8 Hours 8 oz 4 Count, 2021/09/17,25.113999999999997
Dove Nourishing Hand Sanitizer 99.99% Effective Against Germs Shea Butter and Warm Vanilla Antibacterial Gel with 61% Alcohol and Lasting Moisturization For Up to 8 Hours 8 oz 4 Count, 2021/09/18,24.92
Dove Nourishing Hand Sanitizer 99.99% Effective Against Germs Shea Butter and Warm Vanilla Antibacterial Gel with 61% Alcohol and Lasting Moisturization For Up to 8 Hours 8 oz 4 Count, 2021/09/19,22.43
Dove Nourishing Hand Sanitizer 99.99% Effective Against Germs Shea Butter and Warm Vanilla Antibacterial Gel with 61% Alcohol and Lasting Moisturization For Up to 8 Hours 8 oz 4 Count, 2021/09/20,30.34
Dove Nourishing Hand Sanitizer 99.99% Effective Against Germs Shea Butter and Warm Vanilla Antibacterial Gel with 61% Alcohol and Lasting Moisturization For Up to 8 Hours 8 oz 4 Count, 2021/09/21,28.08142857142857
Dove Nourishing Hand Sanitizer 99.99% Effective Against Germs Shea Butter and Warm Vanilla Antibacterial Gel with 61% Alcohol and Lasting Moisturization For Up to 8 Hours 8 oz 4 Count, 2021/09/22,26.834
Dove Nourishing Hand Sanitizer 99.99% Effective Against Germs Shea Butter and Warm Vanilla Antibacterial Gel with 61% Alcohol and Lasting Moisturization For Up to 8 Hours 8 oz 4 Count, 2021/09/23,24.377222222222215
Dove Nourishing Hand Sanitizer 99.99% Effective Against Germs Shea Butter and Warm Vanilla Antibacterial Gel with 61% Alcohol and Lasting Moisturization For Up to 8 Hours 8 oz 4 Count, 2021/09/24,23.651250000000005
Dove Nourishing Hand Sanitizer 99.99% Effective Against Germs Shea Butter and Warm Vanilla Antibacterial Gel with 61% Alcohol and Lasting Moisturization For Up to 8 Hours 8 oz 4 Count, 2021/09/25,23.445
Dove Nourishing Hand Sanitizer 99.99% Effective Against Germs Shea Butter and Warm Vanilla Antibacterial Gel with 61% Alcohol and Lasting Moisturization For Up to 8 Hours 8 oz 4 Count, 2021/09/26,22.714285714285715
Dove Nourishing Hand Sanitizer 99.99% Effective Against Germs Shea Butter and Warm Vanilla Antibacterial Gel with 61% Alcohol and Lasting Moisturization For Up to 8 Hours 8 oz 4 Count, 2021/09/27,20.573157894736838
Dove Nourishing Hand Sanitizer 99.99% Effective Against Germs Shea Butter and Warm Vanilla Antibacterial Gel with 61% Alcohol and Lasting Moisturization For Up to 8 Hours 8 oz 4 Count, 2021/09/28,18.455000000000002
Dove Nourishing Hand Sanitizer 99.99% Effective Against Germs Shea Butter and Warm Vanilla Antibacterial Gel with 61% Alcohol and Lasting Moisturization For Up to 8 Hours 8 oz 4 Count, 2021/09/29,18.2675
Dove Nourishing Hand Sanitizer 99.99% Effective Against Germs Shea Butter and Warm Vanilla Antibacterial Gel with 61% Alcohol and Lasting Moisturization For Up to 8 Hours 8 oz 4 Count, 2021/10/01,18.705
Dove Nourishing Hand Sanitizer 99.99% Effective Against Germs Shea Butter and Warm Vanilla Antibacterial Gel with 61% Alcohol and Lasting Moisturization For Up to 8 Hours 8 oz 4 Count, 2021/10/03,18.68
Dove Nourishing Hand Sanitizer 99.99% Effective Against Germs Shea Butter and Warm Vanilla Antibacterial Gel with 61% Alcohol and Lasting Moisturization For Up to 8 Hours 8 oz 4 Count, 2021/10/04,18.653333333333336
Dove Nourishing Hand Sanitizer 99.99% Effective Against Germs Shea Butter and Warm Vanilla Antibacterial Gel with 61% Alcohol and Lasting Moisturization For Up to 8 Hours 8 oz 4 Count, 2021/10/05,18.71
Dove Nourishing Hand Sanitizer 99.99% Effective Against Germs Shea Butter and Warm Vanilla Antibacterial Gel with 61% Alcohol and Lasting Moisturization For Up to 8 Hours 8 oz 4 Count, 2021/10/06,19.63
Dove Nourishing Hand Sanitizer 99.99% Effective Against Germs Shea Butter and Warm Vanilla Antibacterial Gel with 61% Alcohol and Lasting Moisturization For Up to 8 Hours 8 oz 4 Count, 2021/10/07,18.99
Dove Nourishing Hand Sanitizer 99.99% Effective Against Germs Shea Butter and Warm Vanilla Antibacterial Gel with 61% Alcohol and Lasting Moisturization For Up to 8 Hours 8 oz 4 Count, 2021/10/08,19.895
Dove Nourishing Hand Sanitizer 99.99% Effective Against Germs Shea Butter and Warm Vanilla Antibacterial Gel with 61% Alcohol and Lasting Moisturization For Up to 8 Hours 8 oz 4 Count, 2021/10/09,18.99
Dove Nourishing Hand Sanitizer 99.99% Effective Against Germs Shea Butter and Warm Vanilla Antibacterial Gel with 61% Alcohol and Lasting Moisturization For Up to 8 Hours 8 oz 4 Count, 2021/10/10,20.085
Dove Nourishing Hand Sanitizer 99.99% Effective Against Germs Shea Butter and Warm Vanilla Antibacterial Gel with 61% Alcohol and Lasting Moisturization For Up to 8 Hours 8 oz 4 Count, 2021/10/12,23.45
Dove Nourishing Hand Sanitizer 99.99% Effective Against Germs Shea Butter and Warm Vanilla Antibacterial Gel with 61% Alcohol and Lasting Moisturization For Up to 8 Hours 8 oz 4 Count, 2021/10/13,23.46
Dove Nourishing Hand Sanitizer 99.99% Effective Against Germs Shea Butter and Warm Vanilla Antibacterial Gel with 61% Alcohol and Lasting Moisturization For Up to 8 Hours 8 oz 4 Count, 2021/10/14,26.799999999999997
Dove Nourishing Hand Sanitizer 99.99% Effective Against Germs Shea Butter and Warm Vanilla Antibacterial Gel with 61% Alcohol and Lasting Moisturization For Up to 8 Hours 8 oz 4 Count, 2021/10/15,30.645
Dove Nourishing Hand Sanitizer 99.99% Effective Against Germs Shea Butter and Warm Vanilla Antibacterial Gel with 61% Alcohol and Lasting Moisturization For Up to 8 Hours 8 oz 4 Count, 2021/10/17,31.714285714285715
Dove Nourishing Hand Sanitizer 99.99% Effective Against Germs Shea Butter and Warm Vanilla Antibacterial Gel with 61% Alcohol and Lasting Moisturization For Up to 8 Hours 8 oz 4 Count, 2021/10/18,28.709999999999997
Dove Nourishing Hand Sanitizer 99.99% Effective Against Germs Shea Butter and Warm Vanilla Antibacterial Gel with 61% Alcohol and Lasting Moisturization For Up to 8 Hours 8 oz 4 Count, 2021/10/19,22.04
Dove Nourishing Hand Sanitizer 99.99% Effective Against Germs Shea Butter and Warm Vanilla Antibacterial Gel with 61% Alcohol and Lasting Moisturization For Up to 8 Hours 8 oz 4 Count, 2021/10/20,24.99
Dove Nourishing Hand Sanitizer 99.99% Effective Against Germs Shea Butter and Warm Vanilla Antibacterial Gel with 61% Alcohol and Lasting Moisturization For Up to 8 Hours 8 oz 4 Count, 2021/10/21,25.305
Dove Nourishing Hand Sanitizer 99.99% Effective Against Germs Shea Butter and Warm Vanilla Antibacterial Gel with 61% Alcohol and Lasting Moisturization For Up to 8 Hours 8 oz 4 Count, 2021/10/22,29.442500000000003
Dove Nourishing Hand Sanitizer 99.99% Effective Against Germs Shea Butter and Warm Vanilla Antibacterial Gel with 61% Alcohol and Lasting Moisturization For Up to 8 Hours 8 oz 4 Count, 2021/10/23,28.241000000000003
Dove Nourishing Hand Sanitizer 99.99% Effective Against Germs Shea Butter and Warm Vanilla Antibacterial Gel with 61% Alcohol and Lasting Moisturization For Up to 8 Hours 8 oz 4 Count, 2021/10/24,24.307499999999997
Dove Nourishing Hand Sanitizer 99.99% Effective Against Germs Shea Butter and Warm Vanilla Antibacterial Gel with 61% Alcohol and Lasting Moisturization For Up to 8 Hours 8 oz 4 Count, 2021/10/25,19.904999999999998
Dove Nourishing Hand Sanitizer 99.99% Effective Against Germs Shea Butter and Warm Vanilla Antibacterial Gel with 61% Alcohol and Lasting Moisturization For Up to 8 Hours 8 oz 4 Count, 2021/10/26,19.89
Dove Nourishing Hand Sanitizer 99.99% Effective Against Germs Shea Butter and Warm Vanilla Antibacterial Gel with 61% Alcohol and Lasting Moisturization For Up to 8 Hours 8 oz 4 Count, 2021/10/27,26.069999999999997
Dove Nourishing Hand Sanitizer 99.99% Effective Against Germs Shea Butter and Warm Vanilla Antibacterial Gel with 61% Alcohol and Lasting Moisturization For Up to 8 Hours 8 oz 4 Count, 2021/10/28,30.163333333333338
Dove Nourishing Hand Sanitizer 99.99% Effective Against Germs Shea Butter and Warm Vanilla Antibacterial Gel with 61% Alcohol and Lasting Moisturization For Up to 8 Hours 8 oz 4 Count, 2021/10/29,17.46
Dove Nourishing Hand Sanitizer 99.99% Effective Against Germs Shea Butter and Warm Vanilla Antibacterial Gel with 61% Alcohol and Lasting Moisturization For Up to 8 Hours 8 oz 4 Count, 2021/11/03,23.72
Dove Nourishing Hand Sanitizer 99.99% Effective Against Germs Shea Butter and Warm Vanilla Antibacterial Gel with 61% Alcohol and Lasting Moisturization For Up to 8 Hours 8 oz 4 Count, 2021/11/04,19.94666666666667
Dove Nourishing Hand Sanitizer 99.99% Effective Against Germs Shea Butter and Warm Vanilla Antibacterial Gel with 61% Alcohol and Lasting Moisturization For Up to 8 Hours 8 oz 4 Count, 2021/11/05,23.72
Dove Nourishing Hand Sanitizer 99.99% Effective Against Germs Shea Butter and Warm Vanilla Antibacterial Gel with 61% Alcohol and Lasting Moisturization For Up to 8 Hours 8 oz 4 Count, 2021/11/06,19.955
Dove Nourishing Hand Sanitizer 99.99% Effective Against Germs Shea Butter and Warm Vanilla Antibacterial Gel with 61% Alcohol and Lasting Moisturization For Up to 8 Hours 8 oz 4 Count, 2021/11/08,19.93
Dove Nourishing Hand Sanitizer 99.99% Effective Against Germs Shea Butter and Warm Vanilla Antibacterial Gel with 61% Alcohol and Lasting Moisturization For Up to 8 Hours 8 oz 4 Count, 2021/11/10,19.95
Dove Nourishing Hand Sanitizer 99.99% Effective Against Germs Shea Butter and Warm Vanilla Antibacterial Gel with 61% Alcohol and Lasting Moisturization For Up to 8 Hours 8 oz 4 Count, 2021/11/11,19.94
Dove Nourishing Hand Sanitizer 99.99% Effective Against Germs Shea Butter and Warm Vanilla Antibacterial Gel with 61% Alcohol and Lasting Moisturization For Up to 8 Hours 8 oz 4 Count, 2021/11/12,19.95
Dove Nourishing Hand Sanitizer 99.99% Effective Against Germs Shea Butter and Warm Vanilla Antibacterial Gel with 61% Alcohol and Lasting Moisturization For Up to 8 Hours 8 oz 4 Count, 2021/11/14,21.84
Dove Nourishing Hand Sanitizer 99.99% Effective Against Germs Shea Butter and Warm Vanilla Antibacterial Gel with 61% Alcohol and Lasting Moisturization For Up to 8 Hours 8 oz 4 Count, 2021/11/18,35.53
Dove Nourishing Hand Sanitizer 99.99% Effective Against Germs Shea Butter and Warm Vanilla Antibacterial Gel with 61% Alcohol and Lasting Moisturization For Up to 8 Hours 8 oz 4 Count, 2021/11/20,19.96
Dove Nourishing Hand Sanitizer 99.99% Effective Against Germs Shea Butter and Warm Vanilla Antibacterial Gel with 61% Alcohol and Lasting Moisturization For Up to 8 Hours 8 oz 4 Count, 2021/11/21,19.96
Dove Nourishing Hand Sanitizer 99.99% Effective Against Germs Shea Butter and Warm Vanilla Antibacterial Gel with 61% Alcohol and Lasting Moisturization For Up to 8 Hours 8 oz 4 Count, 2021/11/22,25.737500000000004
Dove Nourishing Hand Sanitizer 99.99% Effective Against Germs Shea Butter and Warm Vanilla Antibacterial Gel with 61% Alcohol and Lasting Moisturization For Up to 8 Hours 8 oz 4 Count, 2021/11/23,26.330000000000002
Dove Nourishing Hand Sanitizer 99.99% Effective Against Germs Shea Butter and Warm Vanilla Antibacterial Gel with 61% Alcohol and Lasting Moisturization For Up to 8 Hours 8 oz 4 Count, 2021/11/24,30.03333333333333
Dove Nourishing Hand Sanitizer 99.99% Effective Against Germs Shea Butter and Warm Vanilla Antibacterial Gel with 61% Alcohol and Lasting Moisturization For Up to 8 Hours 8 oz 4 Count, 2021/11/25,29.97666666666667
Dove Nourishing Hand Sanitizer 99.99% Effective Against Germs Shea Butter and Warm Vanilla Antibacterial Gel with 61% Alcohol and Lasting Moisturization For Up to 8 Hours 8 oz 4 Count, 2021/11/26,27.475
Dove Nourishing Hand Sanitizer 99.99% Effective Against Germs Shea Butter and Warm Vanilla Antibacterial Gel with 61% Alcohol and Lasting Moisturization For Up to 8 Hours 8 oz 4 Count, 2021/11/27,28.976
Dove Nourishing Hand Sanitizer 99.99% Effective Against Germs Shea Butter and Warm Vanilla Antibacterial Gel with 61% Alcohol and Lasting Moisturization For Up to 8 Hours 8 oz 4 Count, 2021/11/28,29.97666666666667
Dove Nourishing Hand Sanitizer 99.99% Effective Against Germs Shea Butter and Warm Vanilla Antibacterial Gel with 61% Alcohol and Lasting Moisturization For Up to 8 Hours 8 oz 4 Count, 2021/11/29,27.44
Dove Nourishing Hand Sanitizer 99.99% Effective Against Germs Shea Butter and Warm Vanilla Antibacterial Gel with 61% Alcohol and Lasting Moisturization For Up to 8 Hours 8 oz 4 Count, 2021/11/30,34.885000000000005
Dove Nourishing Hand Sanitizer 99.99% Effective Against Germs Shea Butter and Warm Vanilla Antibacterial Gel with 61% Alcohol and Lasting Moisturization For Up to 8 Hours 8 oz 4 Count, 2021/12/01,29.034444444444446
Dove Nourishing Hand Sanitizer 99.99% Effective Against Germs Shea Butter and Warm Vanilla Antibacterial Gel with 61% Alcohol and Lasting Moisturization For Up to 8 Hours 8 oz 4 Count, 2021/12/02,29.91
Dove Nourishing Hand Sanitizer 99.99% Effective Against Germs Shea Butter and Warm Vanilla Antibacterial Gel with 61% Alcohol and Lasting Moisturization For Up to 8 Hours 8 oz 4 Count, 2021/12/05,27.425
Dove Nourishing Hand Sanitizer 99.99% Effective Against Germs Shea Butter and Warm Vanilla Antibacterial Gel with 61% Alcohol and Lasting Moisturization For Up to 8 Hours 8 oz 4 Count, 2021/12/06,27.45833333333334
Dove Nourishing Hand Sanitizer 99.99% Effective Against Germs Shea Butter and Warm Vanilla Antibacterial Gel with 61% Alcohol and Lasting Moisturization For Up to 8 Hours 8 oz 4 Count, 2021/12/07,34.89
Dove Nourishing Hand Sanitizer 99.99% Effective Against Germs Shea Butter and Warm Vanilla Antibacterial Gel with 61% Alcohol and Lasting Moisturization For Up to 8 Hours 8 oz 4 Count, 2021/12/08,28.913999999999998
Dove Nourishing Hand Sanitizer 99.99% Effective Against Germs Shea Butter and Warm Vanilla Antibacterial Gel with 61% Alcohol and Lasting Moisturization For Up to 8 Hours 8 oz 4 Count, 2021/12/09,28.9
Dove Nourishing Hand Sanitizer 99.99% Effective Against Germs Shea Butter and Warm Vanilla Antibacterial Gel with 61% Alcohol and Lasting Moisturization For Up to 8 Hours 8 oz 4 Count, 2021/12/10,27.41
Dove Nourishing Hand Sanitizer 99.99% Effective Against Germs Shea Butter and Warm Vanilla Antibacterial Gel with 61% Alcohol and Lasting Moisturization For Up to 8 Hours 8 oz 4 Count, 2021/12/11,32.31333333333333
Dove Nourishing Hand Sanitizer 99.99% Effective Against Germs Shea Butter and Warm Vanilla Antibacterial Gel with 61% Alcohol and Lasting Moisturization For Up to 8 Hours 8 oz 4 Count, 2021/12/13,27.3425
Dove Nourishing Hand Sanitizer 99.99% Effective Against Germs Shea Butter and Warm Vanilla Antibacterial Gel with 61% Alcohol and Lasting Moisturization For Up to 8 Hours 8 oz 4 Count, 2021/12/14,34.73
Dove Nourishing Hand Sanitizer 99.99% Effective Against Germs Shea Butter and Warm Vanilla Antibacterial Gel with 61% Alcohol and Lasting Moisturization For Up to 8 Hours 8 oz 4 Count, 2021/12/20,35.99
Dove Nourishing Hand Sanitizer 99.99% Effective Against Germs Shea Butter and Warm Vanilla Antibacterial Gel with 61% Alcohol and Lasting Moisturization For Up to 8 Hours 8 oz 4 Count, 2021/12/21,35.98
Dove Nourishing Hand Sanitizer 99.99% Effective Against Germs Shea Butter and Warm Vanilla Antibacterial Gel with 61% Alcohol and Lasting Moisturization For Up to 8 Hours 8 oz 4 Count, 2021/12/22,22.945
