Duracell - CopperTop AAA Alkaline Batteries - Long Lasting All-Purpose Triple A Battery for Household and Business - 24 Count, 2020/01/04,15.495000000000001
Duracell - CopperTop AAA Alkaline Batteries - Long Lasting All-Purpose Triple A Battery for Household and Business - 24 Count, 2020/01/05,15.485
Duracell - CopperTop AAA Alkaline Batteries - Long Lasting All-Purpose Triple A Battery for Household and Business - 24 Count, 2020/01/06,15.49
Duracell - CopperTop AAA Alkaline Batteries - Long Lasting All-Purpose Triple A Battery for Household and Business - 24 Count, 2020/01/15,15.5
Duracell - CopperTop AAA Alkaline Batteries - Long Lasting All-Purpose Triple A Battery for Household and Business - 24 Count, 2020/01/18,15.493333333333334
Duracell - CopperTop AAA Alkaline Batteries - Long Lasting All-Purpose Triple A Battery for Household and Business - 24 Count, 2020/01/27,15.5
Duracell - CopperTop AAA Alkaline Batteries - Long Lasting All-Purpose Triple A Battery for Household and Business - 24 Count, 2020/01/30,15.49
Duracell - CopperTop AAA Alkaline Batteries - Long Lasting All-Purpose Triple A Battery for Household and Business - 24 Count, 2020/02/04,15.48
Duracell - CopperTop AAA Alkaline Batteries - Long Lasting All-Purpose Triple A Battery for Household and Business - 24 Count, 2020/02/05,15.47
Duracell - CopperTop AAA Alkaline Batteries - Long Lasting All-Purpose Triple A Battery for Household and Business - 24 Count, 2020/02/06,15.32
Duracell - CopperTop AAA Alkaline Batteries - Long Lasting All-Purpose Triple A Battery for Household and Business - 24 Count, 2020/02/07,15.325
Duracell - CopperTop AAA Alkaline Batteries - Long Lasting All-Purpose Triple A Battery for Household and Business - 24 Count, 2020/02/29,15.315000000000001
Duracell - CopperTop AAA Alkaline Batteries - Long Lasting All-Purpose Triple A Battery for Household and Business - 24 Count, 2020/03/07,15.33
Duracell - CopperTop AAA Alkaline Batteries - Long Lasting All-Purpose Triple A Battery for Household and Business - 24 Count, 2020/03/08,15.325
Duracell - CopperTop AAA Alkaline Batteries - Long Lasting All-Purpose Triple A Battery for Household and Business - 24 Count, 2020/03/20,15.32
Duracell - CopperTop AAA Alkaline Batteries - Long Lasting All-Purpose Triple A Battery for Household and Business - 24 Count, 2020/03/22,15.315000000000001
Duracell - CopperTop AAA Alkaline Batteries - Long Lasting All-Purpose Triple A Battery for Household and Business - 24 Count, 2020/03/24,15.5
Duracell - CopperTop AAA Alkaline Batteries - Long Lasting All-Purpose Triple A Battery for Household and Business - 24 Count, 2020/04/02,14.926666666666668
Duracell - CopperTop AAA Alkaline Batteries - Long Lasting All-Purpose Triple A Battery for Household and Business - 24 Count, 2020/04/05,15.399999999999999
Duracell - CopperTop AAA Alkaline Batteries - Long Lasting All-Purpose Triple A Battery for Household and Business - 24 Count, 2020/04/06,14.97
Duracell - CopperTop AAA Alkaline Batteries - Long Lasting All-Purpose Triple A Battery for Household and Business - 24 Count, 2020/04/08,15.425
Duracell - CopperTop AAA Alkaline Batteries - Long Lasting All-Purpose Triple A Battery for Household and Business - 24 Count, 2020/04/12,15.99
Duracell - CopperTop AAA Alkaline Batteries - Long Lasting All-Purpose Triple A Battery for Household and Business - 24 Count, 2020/04/13,15.975833333333334
Duracell - CopperTop AAA Alkaline Batteries - Long Lasting All-Purpose Triple A Battery for Household and Business - 24 Count, 2020/04/14,16.24
Duracell - CopperTop AAA Alkaline Batteries - Long Lasting All-Purpose Triple A Battery for Household and Business - 24 Count, 2020/04/16,15.737499999999999
Duracell - CopperTop AAA Alkaline Batteries - Long Lasting All-Purpose Triple A Battery for Household and Business - 24 Count, 2020/04/17,15.218333333333334
Duracell - CopperTop AAA Alkaline Batteries - Long Lasting All-Purpose Triple A Battery for Household and Business - 24 Count, 2020/04/18,15.219999999999999
Duracell - CopperTop AAA Alkaline Batteries - Long Lasting All-Purpose Triple A Battery for Household and Business - 24 Count, 2020/04/20,15.219999999999999
Duracell - CopperTop AAA Alkaline Batteries - Long Lasting All-Purpose Triple A Battery for Household and Business - 24 Count, 2020/04/21,15.219999999999999
Duracell - CopperTop AAA Alkaline Batteries - Long Lasting All-Purpose Triple A Battery for Household and Business - 24 Count, 2020/04/23,15.219999999999999
Duracell - CopperTop AAA Alkaline Batteries - Long Lasting All-Purpose Triple A Battery for Household and Business - 24 Count, 2020/04/24,14.99
Duracell - CopperTop AAA Alkaline Batteries - Long Lasting All-Purpose Triple A Battery for Household and Business - 24 Count, 2020/04/25,15.219999999999999
Duracell - CopperTop AAA Alkaline Batteries - Long Lasting All-Purpose Triple A Battery for Household and Business - 24 Count, 2020/04/26,15.45
Duracell - CopperTop AAA Alkaline Batteries - Long Lasting All-Purpose Triple A Battery for Household and Business - 24 Count, 2020/04/29,14.99
Duracell - CopperTop AAA Alkaline Batteries - Long Lasting All-Purpose Triple A Battery for Household and Business - 24 Count, 2020/05/05,15.5
Duracell - CopperTop AAA Alkaline Batteries - Long Lasting All-Purpose Triple A Battery for Household and Business - 24 Count, 2020/05/07,14.99
Duracell - CopperTop AAA Alkaline Batteries - Long Lasting All-Purpose Triple A Battery for Household and Business - 24 Count, 2020/05/08,15.296666666666667
Duracell - CopperTop AAA Alkaline Batteries - Long Lasting All-Purpose Triple A Battery for Household and Business - 24 Count, 2020/05/11,15.205
Duracell - CopperTop AAA Alkaline Batteries - Long Lasting All-Purpose Triple A Battery for Household and Business - 24 Count, 2020/05/12,14.95
Duracell - CopperTop AAA Alkaline Batteries - Long Lasting All-Purpose Triple A Battery for Household and Business - 24 Count, 2020/05/17,13.035
Duracell - CopperTop AAA Alkaline Batteries - Long Lasting All-Purpose Triple A Battery for Household and Business - 24 Count, 2020/05/20,13.035
Duracell - CopperTop AAA Alkaline Batteries - Long Lasting All-Purpose Triple A Battery for Household and Business - 24 Count, 2020/05/22,13.034
Duracell - CopperTop AAA Alkaline Batteries - Long Lasting All-Purpose Triple A Battery for Household and Business - 24 Count, 2020/05/23,13.036000000000001
Duracell - CopperTop AAA Alkaline Batteries - Long Lasting All-Purpose Triple A Battery for Household and Business - 24 Count, 2020/05/25,13.035
Duracell - CopperTop AAA Alkaline Batteries - Long Lasting All-Purpose Triple A Battery for Household and Business - 24 Count, 2020/05/26,13.035
Duracell - CopperTop AAA Alkaline Batteries - Long Lasting All-Purpose Triple A Battery for Household and Business - 24 Count, 2020/05/28,13.035
Duracell - CopperTop AAA Alkaline Batteries - Long Lasting All-Purpose Triple A Battery for Household and Business - 24 Count, 2020/05/31,12.79
Duracell - CopperTop AAA Alkaline Batteries - Long Lasting All-Purpose Triple A Battery for Household and Business - 24 Count, 2020/06/01,15.155000000000001
Duracell - CopperTop AAA Alkaline Batteries - Long Lasting All-Purpose Triple A Battery for Household and Business - 24 Count, 2020/06/02,14.01
Duracell - CopperTop AAA Alkaline Batteries - Long Lasting All-Purpose Triple A Battery for Household and Business - 24 Count, 2020/06/11,14.01
Duracell - CopperTop AAA Alkaline Batteries - Long Lasting All-Purpose Triple A Battery for Household and Business - 24 Count, 2020/06/14,15.5
Duracell - CopperTop AAA Alkaline Batteries - Long Lasting All-Purpose Triple A Battery for Household and Business - 24 Count, 2020/06/15,14.99
Duracell - CopperTop AAA Alkaline Batteries - Long Lasting All-Purpose Triple A Battery for Household and Business - 24 Count, 2020/06/17,15.5
Duracell - CopperTop AAA Alkaline Batteries - Long Lasting All-Purpose Triple A Battery for Household and Business - 24 Count, 2020/06/18,14.99
Duracell - CopperTop AAA Alkaline Batteries - Long Lasting All-Purpose Triple A Battery for Household and Business - 24 Count, 2020/06/24,12.0
Duracell - CopperTop AAA Alkaline Batteries - Long Lasting All-Purpose Triple A Battery for Household and Business - 24 Count, 2020/07/01,14.99
Duracell - CopperTop AAA Alkaline Batteries - Long Lasting All-Purpose Triple A Battery for Household and Business - 24 Count, 2020/07/13,15.32
Duracell - CopperTop AAA Alkaline Batteries - Long Lasting All-Purpose Triple A Battery for Household and Business - 24 Count, 2020/07/14,15.155000000000001
Duracell - CopperTop AAA Alkaline Batteries - Long Lasting All-Purpose Triple A Battery for Household and Business - 24 Count, 2020/07/15,14.99
Duracell - CopperTop AAA Alkaline Batteries - Long Lasting All-Purpose Triple A Battery for Household and Business - 24 Count, 2020/07/17,15.32
Duracell - CopperTop AAA Alkaline Batteries - Long Lasting All-Purpose Triple A Battery for Household and Business - 24 Count, 2020/07/19,14.99
Duracell - CopperTop AAA Alkaline Batteries - Long Lasting All-Purpose Triple A Battery for Household and Business - 24 Count, 2020/07/20,15.5
Duracell - CopperTop AAA Alkaline Batteries - Long Lasting All-Purpose Triple A Battery for Household and Business - 24 Count, 2020/07/23,14.99
Duracell - CopperTop AAA Alkaline Batteries - Long Lasting All-Purpose Triple A Battery for Household and Business - 24 Count, 2020/07/25,15.5
Duracell - CopperTop AAA Alkaline Batteries - Long Lasting All-Purpose Triple A Battery for Household and Business - 24 Count, 2020/07/27,15.41
Duracell - CopperTop AAA Alkaline Batteries - Long Lasting All-Purpose Triple A Battery for Household and Business - 24 Count, 2020/07/28,15.25
Duracell - CopperTop AAA Alkaline Batteries - Long Lasting All-Purpose Triple A Battery for Household and Business - 24 Count, 2020/07/29,14.99
Duracell - CopperTop AAA Alkaline Batteries - Long Lasting All-Purpose Triple A Battery for Household and Business - 24 Count, 2020/07/30,15.0
Duracell - CopperTop AAA Alkaline Batteries - Long Lasting All-Purpose Triple A Battery for Household and Business - 24 Count, 2020/07/31,14.99
Duracell - CopperTop AAA Alkaline Batteries - Long Lasting All-Purpose Triple A Battery for Household and Business - 24 Count, 2020/08/02,14.99
Duracell - CopperTop AAA Alkaline Batteries - Long Lasting All-Purpose Triple A Battery for Household and Business - 24 Count, 2020/08/04,15.0
Duracell - CopperTop AAA Alkaline Batteries - Long Lasting All-Purpose Triple A Battery for Household and Business - 24 Count, 2020/08/05,14.99
Duracell - CopperTop AAA Alkaline Batteries - Long Lasting All-Purpose Triple A Battery for Household and Business - 24 Count, 2020/08/06,14.975
Duracell - CopperTop AAA Alkaline Batteries - Long Lasting All-Purpose Triple A Battery for Household and Business - 24 Count, 2020/08/09,15.5
Duracell - CopperTop AAA Alkaline Batteries - Long Lasting All-Purpose Triple A Battery for Household and Business - 24 Count, 2020/08/11,15.32
Duracell - CopperTop AAA Alkaline Batteries - Long Lasting All-Purpose Triple A Battery for Household and Business - 24 Count, 2020/08/12,15.5
Duracell - CopperTop AAA Alkaline Batteries - Long Lasting All-Purpose Triple A Battery for Household and Business - 24 Count, 2020/08/15,15.166666666666666
Duracell - CopperTop AAA Alkaline Batteries - Long Lasting All-Purpose Triple A Battery for Household and Business - 24 Count, 2020/08/16,15.3925
Duracell - CopperTop AAA Alkaline Batteries - Long Lasting All-Purpose Triple A Battery for Household and Business - 24 Count, 2020/08/17,15.5
Duracell - CopperTop AAA Alkaline Batteries - Long Lasting All-Purpose Triple A Battery for Household and Business - 24 Count, 2020/08/20,15.25
Duracell - CopperTop AAA Alkaline Batteries - Long Lasting All-Purpose Triple A Battery for Household and Business - 24 Count, 2020/08/22,15.26
Duracell - CopperTop AAA Alkaline Batteries - Long Lasting All-Purpose Triple A Battery for Household and Business - 24 Count, 2020/08/23,13.83
Duracell - CopperTop AAA Alkaline Batteries - Long Lasting All-Purpose Triple A Battery for Household and Business - 24 Count, 2020/08/24,15.0
Duracell - CopperTop AAA Alkaline Batteries - Long Lasting All-Purpose Triple A Battery for Household and Business - 24 Count, 2020/08/25,15.25
Duracell - CopperTop AAA Alkaline Batteries - Long Lasting All-Purpose Triple A Battery for Household and Business - 24 Count, 2020/08/26,15.5
Duracell - CopperTop AAA Alkaline Batteries - Long Lasting All-Purpose Triple A Battery for Household and Business - 24 Count, 2020/08/27,14.6225
Duracell - CopperTop AAA Alkaline Batteries - Long Lasting All-Purpose Triple A Battery for Household and Business - 24 Count, 2020/08/28,15.2925
Duracell - CopperTop AAA Alkaline Batteries - Long Lasting All-Purpose Triple A Battery for Household and Business - 24 Count, 2020/08/29,15.375
Duracell - CopperTop AAA Alkaline Batteries - Long Lasting All-Purpose Triple A Battery for Household and Business - 24 Count, 2020/08/31,15.292000000000002
Duracell - CopperTop AAA Alkaline Batteries - Long Lasting All-Purpose Triple A Battery for Household and Business - 24 Count, 2020/09/02,15.5
Duracell - CopperTop AAA Alkaline Batteries - Long Lasting All-Purpose Triple A Battery for Household and Business - 24 Count, 2020/09/03,15.25
Duracell - CopperTop AAA Alkaline Batteries - Long Lasting All-Purpose Triple A Battery for Household and Business - 24 Count, 2020/09/04,14.745000000000001
Duracell - CopperTop AAA Alkaline Batteries - Long Lasting All-Purpose Triple A Battery for Household and Business - 24 Count, 2020/09/10,14.875
Duracell - CopperTop AAA Alkaline Batteries - Long Lasting All-Purpose Triple A Battery for Household and Business - 24 Count, 2020/09/11,15.25
Duracell - CopperTop AAA Alkaline Batteries - Long Lasting All-Purpose Triple A Battery for Household and Business - 24 Count, 2020/09/16,15.5
Duracell - CopperTop AAA Alkaline Batteries - Long Lasting All-Purpose Triple A Battery for Household and Business - 24 Count, 2020/09/17,15.32
Duracell - CopperTop AAA Alkaline Batteries - Long Lasting All-Purpose Triple A Battery for Household and Business - 24 Count, 2020/09/18,15.5
Duracell - CopperTop AAA Alkaline Batteries - Long Lasting All-Purpose Triple A Battery for Household and Business - 24 Count, 2020/09/25,15.32
Duracell - CopperTop AAA Alkaline Batteries - Long Lasting All-Purpose Triple A Battery for Household and Business - 24 Count, 2020/09/26,15.215
Duracell - CopperTop AAA Alkaline Batteries - Long Lasting All-Purpose Triple A Battery for Household and Business - 24 Count, 2020/10/10,15.325
Duracell - CopperTop AAA Alkaline Batteries - Long Lasting All-Purpose Triple A Battery for Household and Business - 24 Count, 2020/10/12,14.155000000000001
Duracell - CopperTop AAA Alkaline Batteries - Long Lasting All-Purpose Triple A Battery for Household and Business - 24 Count, 2020/10/14,13.9275
Duracell - CopperTop AAA Alkaline Batteries - Long Lasting All-Purpose Triple A Battery for Household and Business - 24 Count, 2020/10/29,8.62
Duracell - CopperTop AAA Alkaline Batteries - Long Lasting All-Purpose Triple A Battery for Household and Business - 24 Count, 2020/10/30,8.725000000000001
Duracell - CopperTop AAA Alkaline Batteries - Long Lasting All-Purpose Triple A Battery for Household and Business - 24 Count, 2020/11/02,15.089999999999998
Duracell - CopperTop AAA Alkaline Batteries - Long Lasting All-Purpose Triple A Battery for Household and Business - 24 Count, 2020/11/03,15.445
Duracell - CopperTop AAA Alkaline Batteries - Long Lasting All-Purpose Triple A Battery for Household and Business - 24 Count, 2020/11/04,15.5
Duracell - CopperTop AAA Alkaline Batteries - Long Lasting All-Purpose Triple A Battery for Household and Business - 24 Count, 2020/11/08,15.5
Duracell - CopperTop AAA Alkaline Batteries - Long Lasting All-Purpose Triple A Battery for Household and Business - 24 Count, 2020/11/12,15.335
Duracell - CopperTop AAA Alkaline Batteries - Long Lasting All-Purpose Triple A Battery for Household and Business - 24 Count, 2020/11/17,14.39
Duracell - CopperTop AAA Alkaline Batteries - Long Lasting All-Purpose Triple A Battery for Household and Business - 24 Count, 2020/11/21,15.305
Duracell - CopperTop AAA Alkaline Batteries - Long Lasting All-Purpose Triple A Battery for Household and Business - 24 Count, 2020/11/22,15.215
Duracell - CopperTop AAA Alkaline Batteries - Long Lasting All-Purpose Triple A Battery for Household and Business - 24 Count, 2020/11/23,15.39
Duracell - CopperTop AAA Alkaline Batteries - Long Lasting All-Purpose Triple A Battery for Household and Business - 24 Count, 2020/11/24,15.469999999999999
Duracell - CopperTop AAA Alkaline Batteries - Long Lasting All-Purpose Triple A Battery for Household and Business - 24 Count, 2020/11/25,15.555
Duracell - CopperTop AAA Alkaline Batteries - Long Lasting All-Purpose Triple A Battery for Household and Business - 24 Count, 2020/11/26,15.98
Duracell - CopperTop AAA Alkaline Batteries - Long Lasting All-Purpose Triple A Battery for Household and Business - 24 Count, 2020/11/27,15.8975
Duracell - CopperTop AAA Alkaline Batteries - Long Lasting All-Purpose Triple A Battery for Household and Business - 24 Count, 2020/11/29,15.98
Duracell - CopperTop AAA Alkaline Batteries - Long Lasting All-Purpose Triple A Battery for Household and Business - 24 Count, 2020/11/30,15.317499999999999
Duracell - CopperTop AAA Alkaline Batteries - Long Lasting All-Purpose Triple A Battery for Household and Business - 24 Count, 2020/12/06,14.975
