Gatorade Classic Thirst Quencher Variety Pack 12 Fl Oz (Pack of 24), 2020/01/03,11.05
Gatorade Classic Thirst Quencher Variety Pack 12 Fl Oz (Pack of 24), 2020/01/04,11.15
Gatorade Classic Thirst Quencher Variety Pack 12 Fl Oz (Pack of 24), 2020/01/11,16.75375
Gatorade Classic Thirst Quencher Variety Pack 12 Fl Oz (Pack of 24), 2020/01/12,15.655000000000001
Gatorade Classic Thirst Quencher Variety Pack 12 Fl Oz (Pack of 24), 2020/01/15,20.376666666666665
Gatorade Classic Thirst Quencher Variety Pack 12 Fl Oz (Pack of 24), 2020/01/16,17.34
Gatorade Classic Thirst Quencher Variety Pack 12 Fl Oz (Pack of 24), 2020/02/23,12.59
Gatorade Classic Thirst Quencher Variety Pack 12 Fl Oz (Pack of 24), 2020/02/24,11.33
Gatorade Classic Thirst Quencher Variety Pack 12 Fl Oz (Pack of 24), 2020/03/05,15.66
Gatorade Classic Thirst Quencher Variety Pack 12 Fl Oz (Pack of 24), 2020/03/07,11.13
Gatorade Classic Thirst Quencher Variety Pack 12 Fl Oz (Pack of 24), 2020/03/08,12.440000000000001
Gatorade Classic Thirst Quencher Variety Pack 12 Fl Oz (Pack of 24), 2020/03/09,15.555
Gatorade Classic Thirst Quencher Variety Pack 12 Fl Oz (Pack of 24), 2020/03/13,29.979999999999997
Gatorade Classic Thirst Quencher Variety Pack 12 Fl Oz (Pack of 24), 2020/03/14,20.38
Gatorade Classic Thirst Quencher Variety Pack 12 Fl Oz (Pack of 24), 2020/05/23,12.59
Gatorade Classic Thirst Quencher Variety Pack 12 Fl Oz (Pack of 24), 2020/05/25,12.525
Gatorade Classic Thirst Quencher Variety Pack 12 Fl Oz (Pack of 24), 2020/05/28,12.29
Gatorade Classic Thirst Quencher Variety Pack 12 Fl Oz (Pack of 24), 2020/05/31,12.525
Gatorade Classic Thirst Quencher Variety Pack 12 Fl Oz (Pack of 24), 2020/06/02,12.525
Gatorade Classic Thirst Quencher Variety Pack 12 Fl Oz (Pack of 24), 2020/06/03,12.46
Gatorade Classic Thirst Quencher Variety Pack 12 Fl Oz (Pack of 24), 2020/06/07,12.46
Gatorade Classic Thirst Quencher Variety Pack 12 Fl Oz (Pack of 24), 2020/06/08,12.59
Gatorade Classic Thirst Quencher Variety Pack 12 Fl Oz (Pack of 24), 2020/06/09,12.525
Gatorade Classic Thirst Quencher Variety Pack 12 Fl Oz (Pack of 24), 2020/06/10,12.503333333333336
Gatorade Classic Thirst Quencher Variety Pack 12 Fl Oz (Pack of 24), 2020/06/11,12.525
Gatorade Classic Thirst Quencher Variety Pack 12 Fl Oz (Pack of 24), 2020/06/12,12.59
Gatorade Classic Thirst Quencher Variety Pack 12 Fl Oz (Pack of 24), 2020/06/13,12.346666666666666
Gatorade Classic Thirst Quencher Variety Pack 12 Fl Oz (Pack of 24), 2020/06/14,12.225000000000001
Gatorade Classic Thirst Quencher Variety Pack 12 Fl Oz (Pack of 24), 2020/06/18,12.29
Gatorade Classic Thirst Quencher Variety Pack 12 Fl Oz (Pack of 24), 2020/06/19,12.298
Gatorade Classic Thirst Quencher Variety Pack 12 Fl Oz (Pack of 24), 2020/06/20,12.346666666666666
Gatorade Classic Thirst Quencher Variety Pack 12 Fl Oz (Pack of 24), 2020/06/22,12.525
Gatorade Classic Thirst Quencher Variety Pack 12 Fl Oz (Pack of 24), 2020/06/23,12.525
Gatorade Classic Thirst Quencher Variety Pack 12 Fl Oz (Pack of 24), 2020/06/24,12.525
Gatorade Classic Thirst Quencher Variety Pack 12 Fl Oz (Pack of 24), 2020/06/25,12.525
Gatorade Classic Thirst Quencher Variety Pack 12 Fl Oz (Pack of 24), 2020/06/26,12.546666666666667
Gatorade Classic Thirst Quencher Variety Pack 12 Fl Oz (Pack of 24), 2020/06/27,12.46
Gatorade Classic Thirst Quencher Variety Pack 12 Fl Oz (Pack of 24), 2020/06/28,12.525
Gatorade Classic Thirst Quencher Variety Pack 12 Fl Oz (Pack of 24), 2020/06/29,12.418000000000001
Gatorade Classic Thirst Quencher Variety Pack 12 Fl Oz (Pack of 24), 2020/06/30,12.525
Gatorade Classic Thirst Quencher Variety Pack 12 Fl Oz (Pack of 24), 2020/07/01,12.525
Gatorade Classic Thirst Quencher Variety Pack 12 Fl Oz (Pack of 24), 2020/07/02,12.546666666666667
Gatorade Classic Thirst Quencher Variety Pack 12 Fl Oz (Pack of 24), 2020/07/03,12.346666666666666
Gatorade Classic Thirst Quencher Variety Pack 12 Fl Oz (Pack of 24), 2020/07/04,12.525
Gatorade Classic Thirst Quencher Variety Pack 12 Fl Oz (Pack of 24), 2020/07/05,12.546666666666667
Gatorade Classic Thirst Quencher Variety Pack 12 Fl Oz (Pack of 24), 2020/07/06,12.225000000000001
Gatorade Classic Thirst Quencher Variety Pack 12 Fl Oz (Pack of 24), 2020/07/07,12.525
Gatorade Classic Thirst Quencher Variety Pack 12 Fl Oz (Pack of 24), 2020/07/09,12.546666666666667
Gatorade Classic Thirst Quencher Variety Pack 12 Fl Oz (Pack of 24), 2020/07/10,12.503333333333336
Gatorade Classic Thirst Quencher Variety Pack 12 Fl Oz (Pack of 24), 2020/07/11,12.525
Gatorade Classic Thirst Quencher Variety Pack 12 Fl Oz (Pack of 24), 2020/07/14,12.546666666666667
Gatorade Classic Thirst Quencher Variety Pack 12 Fl Oz (Pack of 24), 2020/07/15,12.525
Gatorade Classic Thirst Quencher Variety Pack 12 Fl Oz (Pack of 24), 2020/07/17,12.525
Gatorade Classic Thirst Quencher Variety Pack 12 Fl Oz (Pack of 24), 2020/07/24,12.29
Gatorade Classic Thirst Quencher Variety Pack 12 Fl Oz (Pack of 24), 2020/08/02,12.46
Gatorade Classic Thirst Quencher Variety Pack 12 Fl Oz (Pack of 24), 2020/08/03,12.546666666666667
Gatorade Classic Thirst Quencher Variety Pack 12 Fl Oz (Pack of 24), 2020/08/04,12.46
Gatorade Classic Thirst Quencher Variety Pack 12 Fl Oz (Pack of 24), 2020/08/05,12.59
Gatorade Classic Thirst Quencher Variety Pack 12 Fl Oz (Pack of 24), 2020/08/06,12.525
Gatorade Classic Thirst Quencher Variety Pack 12 Fl Oz (Pack of 24), 2020/08/07,12.46
Gatorade Classic Thirst Quencher Variety Pack 12 Fl Oz (Pack of 24), 2020/08/08,12.59
Gatorade Classic Thirst Quencher Variety Pack 12 Fl Oz (Pack of 24), 2020/08/09,12.503333333333336
Gatorade Classic Thirst Quencher Variety Pack 12 Fl Oz (Pack of 24), 2020/08/11,12.546666666666667
Gatorade Classic Thirst Quencher Variety Pack 12 Fl Oz (Pack of 24), 2020/08/26,12.525
Gatorade Classic Thirst Quencher Variety Pack 12 Fl Oz (Pack of 24), 2020/09/12,10.47
Gatorade Classic Thirst Quencher Variety Pack 12 Fl Oz (Pack of 24), 2020/09/13,16.157142857142855
Gatorade Classic Thirst Quencher Variety Pack 12 Fl Oz (Pack of 24), 2020/09/14,16.28
Gatorade Classic Thirst Quencher Variety Pack 12 Fl Oz (Pack of 24), 2020/09/15,29.945
Gatorade Classic Thirst Quencher Variety Pack 12 Fl Oz (Pack of 24), 2020/09/16,29.99
Gatorade Classic Thirst Quencher Variety Pack 12 Fl Oz (Pack of 24), 2020/09/17,29.99
Gatorade Classic Thirst Quencher Variety Pack 12 Fl Oz (Pack of 24), 2020/09/21,9.41
Gatorade Classic Thirst Quencher Variety Pack 12 Fl Oz (Pack of 24), 2020/09/25,18.646666666666665
Gatorade Classic Thirst Quencher Variety Pack 12 Fl Oz (Pack of 24), 2020/09/29,9.41
Gatorade Classic Thirst Quencher Variety Pack 12 Fl Oz (Pack of 24), 2020/10/13,17.0
Gatorade Classic Thirst Quencher Variety Pack 12 Fl Oz (Pack of 24), 2020/10/15,14.86
Gatorade Classic Thirst Quencher Variety Pack 12 Fl Oz (Pack of 24), 2020/10/16,15.056666666666667
Gatorade Classic Thirst Quencher Variety Pack 12 Fl Oz (Pack of 24), 2020/10/17,19.868333333333332
Gatorade Classic Thirst Quencher Variety Pack 12 Fl Oz (Pack of 24), 2020/10/18,19.81
Gatorade Classic Thirst Quencher Variety Pack 12 Fl Oz (Pack of 24), 2020/10/19,21.816666666666666
Gatorade Classic Thirst Quencher Variety Pack 12 Fl Oz (Pack of 24), 2020/10/20,25.97
Gatorade Classic Thirst Quencher Variety Pack 12 Fl Oz (Pack of 24), 2020/10/21,24.89833333333333
Gatorade Classic Thirst Quencher Variety Pack 12 Fl Oz (Pack of 24), 2020/10/22,25.78
Gatorade Classic Thirst Quencher Variety Pack 12 Fl Oz (Pack of 24), 2020/10/23,28.122500000000002
Gatorade Classic Thirst Quencher Variety Pack 12 Fl Oz (Pack of 24), 2020/10/24,34.99
Gatorade Classic Thirst Quencher Variety Pack 12 Fl Oz (Pack of 24), 2020/10/25,34.75
Gatorade Classic Thirst Quencher Variety Pack 12 Fl Oz (Pack of 24), 2020/10/26,31.014444444444443
Gatorade Classic Thirst Quencher Variety Pack 12 Fl Oz (Pack of 24), 2020/10/27,30.605
Gatorade Classic Thirst Quencher Variety Pack 12 Fl Oz (Pack of 24), 2020/10/28,29.660000000000004
Gatorade Classic Thirst Quencher Variety Pack 12 Fl Oz (Pack of 24), 2020/10/29,21.98
Gatorade Classic Thirst Quencher Variety Pack 12 Fl Oz (Pack of 24), 2020/10/31,21.95
Gatorade Classic Thirst Quencher Variety Pack 12 Fl Oz (Pack of 24), 2020/11/01,21.85
Gatorade Classic Thirst Quencher Variety Pack 12 Fl Oz (Pack of 24), 2020/11/02,21.73
Gatorade Classic Thirst Quencher Variety Pack 12 Fl Oz (Pack of 24), 2020/11/03,21.636666666666667
Gatorade Classic Thirst Quencher Variety Pack 12 Fl Oz (Pack of 24), 2020/11/04,21.186666666666667
Gatorade Classic Thirst Quencher Variety Pack 12 Fl Oz (Pack of 24), 2020/11/05,20.88
Gatorade Classic Thirst Quencher Variety Pack 12 Fl Oz (Pack of 24), 2020/11/06,20.755000000000003
Gatorade Classic Thirst Quencher Variety Pack 12 Fl Oz (Pack of 24), 2020/11/07,20.735
Gatorade Classic Thirst Quencher Variety Pack 12 Fl Oz (Pack of 24), 2020/11/08,20.692500000000003
Gatorade Classic Thirst Quencher Variety Pack 12 Fl Oz (Pack of 24), 2020/11/09,20.62333333333333
Gatorade Classic Thirst Quencher Variety Pack 12 Fl Oz (Pack of 24), 2020/11/10,20.523333333333337
Gatorade Classic Thirst Quencher Variety Pack 12 Fl Oz (Pack of 24), 2020/11/11,20.41
Gatorade Classic Thirst Quencher Variety Pack 12 Fl Oz (Pack of 24), 2020/11/12,20.353333333333335
Gatorade Classic Thirst Quencher Variety Pack 12 Fl Oz (Pack of 24), 2020/11/13,20.258
Gatorade Classic Thirst Quencher Variety Pack 12 Fl Oz (Pack of 24), 2020/11/14,20.645
Gatorade Classic Thirst Quencher Variety Pack 12 Fl Oz (Pack of 24), 2020/11/15,22.79
Gatorade Classic Thirst Quencher Variety Pack 12 Fl Oz (Pack of 24), 2020/11/17,20.36
Gatorade Classic Thirst Quencher Variety Pack 12 Fl Oz (Pack of 24), 2020/11/18,21.98
Gatorade Classic Thirst Quencher Variety Pack 12 Fl Oz (Pack of 24), 2020/11/19,16.38
Gatorade Classic Thirst Quencher Variety Pack 12 Fl Oz (Pack of 24), 2020/11/21,14.513333333333334
Gatorade Classic Thirst Quencher Variety Pack 12 Fl Oz (Pack of 24), 2020/11/22,19.371666666666666
Gatorade Classic Thirst Quencher Variety Pack 12 Fl Oz (Pack of 24), 2020/11/23,19.36666666666667
Gatorade Classic Thirst Quencher Variety Pack 12 Fl Oz (Pack of 24), 2020/11/24,18.150000000000002
Gatorade Classic Thirst Quencher Variety Pack 12 Fl Oz (Pack of 24), 2020/11/25,14.884999999999998
Gatorade Classic Thirst Quencher Variety Pack 12 Fl Oz (Pack of 24), 2020/11/26,18.686666666666664
Gatorade Classic Thirst Quencher Variety Pack 12 Fl Oz (Pack of 24), 2020/11/28,19.846666666666668
Gatorade Classic Thirst Quencher Variety Pack 12 Fl Oz (Pack of 24), 2020/11/29,17.5275
Gatorade Classic Thirst Quencher Variety Pack 12 Fl Oz (Pack of 24), 2020/11/30,10.78
Gatorade Classic Thirst Quencher Variety Pack 12 Fl Oz (Pack of 24), 2020/12/01,18.245714285714286
Gatorade Classic Thirst Quencher Variety Pack 12 Fl Oz (Pack of 24), 2020/12/02,13.0
Gatorade Classic Thirst Quencher Variety Pack 12 Fl Oz (Pack of 24), 2020/12/03,11.520000000000001
Gatorade Classic Thirst Quencher Variety Pack 12 Fl Oz (Pack of 24), 2020/12/04,13.0
Gatorade Classic Thirst Quencher Variety Pack 12 Fl Oz (Pack of 24), 2020/12/05,10.78
Gatorade Classic Thirst Quencher Variety Pack 12 Fl Oz (Pack of 24), 2020/12/07,12.26
Gatorade Classic Thirst Quencher Variety Pack 12 Fl Oz (Pack of 24), 2020/12/08,11.85
Gatorade Classic Thirst Quencher Variety Pack 12 Fl Oz (Pack of 24), 2020/12/12,13.655000000000001
Gatorade Classic Thirst Quencher Variety Pack 12 Fl Oz (Pack of 24), 2020/12/13,12.438
Gatorade Classic Thirst Quencher Variety Pack 12 Fl Oz (Pack of 24), 2020/12/14,12.696666666666667
Gatorade Classic Thirst Quencher Variety Pack 12 Fl Oz (Pack of 24), 2020/12/15,10.78
Gatorade Classic Thirst Quencher Variety Pack 12 Fl Oz (Pack of 24), 2020/12/16,13.244285714285713
Gatorade Classic Thirst Quencher Variety Pack 12 Fl Oz (Pack of 24), 2020/12/17,10.78
Gatorade Classic Thirst Quencher Variety Pack 12 Fl Oz (Pack of 24), 2020/12/18,12.852500000000001
Gatorade Classic Thirst Quencher Variety Pack 12 Fl Oz (Pack of 24), 2020/12/19,12.05
Gatorade Classic Thirst Quencher Variety Pack 12 Fl Oz (Pack of 24), 2020/12/20,13.99
Gatorade Classic Thirst Quencher Variety Pack 12 Fl Oz (Pack of 24), 2020/12/21,20.99
Gatorade Classic Thirst Quencher Variety Pack 12 Fl Oz (Pack of 24), 2020/12/22,12.385
